"","MSETrain","MSETest"
"1",0.766939865565009,0.754168388171074
"2",0.760864364331097,0.752462980948088
"3",0.760037620238193,0.751128256102621
"4",0.759279101306855,0.750120393522493
"5",0.758589180352176,0.749386686108488
"6",0.757966259595195,0.748870961395375
"7",0.757407569552383,0.748523921756954
"8",0.75690916903564,0.748303423871051
"9",0.756466477745283,0.748175205328526
"10",0.756076619679183,0.748113052312271
"11",0.755733576536595,0.748096116733202
"12",0.75543292779573,0.748109195695255
"13",0.755169560563918,0.748140663454384
"14",0.754938308689191,0.748182136060554
"15",0.754735017946253,0.748229533324748
"16",0.754556226480694,0.748277377732944
"17",0.754397194214932,0.748325557499142
"18",0.754255897295621,0.748371445652329
"19",0.75412951297993,0.748414762727507
"20",0.754015644599422,0.748454949794671
"21",0.753913013930928,0.748492677569826
"22",0.753820342751282,0.748526939978966
"23",0.753735181132744,0.748558631310096
"24",0.753657316038122,0.748587360312214
"25",0.753586268133726,0.748614244845324
"26",0.753521078752182,0.748638837765425
"27",0.75346009685523,0.748661139072516
"28",0.753403908295157,0.748681931268601
"29",0.753351181589496,0.748701493818681
"30",0.753302555849831,0.748718708862752
"31",0.753256859371591,0.748734917832818
"32",0.753214038895479,0.748750176621881
"33",0.753173242272715,0.748763814513937
"34",0.753135854245064,0.748776334545988
"35",0.753100436811464,0.748788295648037
"36",0.753066670416121,0.748799027104081
"37",0.753034608318335,0.748809255523123
"38",0.753004357036704,0.74881842197516
"39",0.752975597015434,0.748826973604195
"40",0.752947848920839,0.748834910410228
"41",0.752923296384162,0.748841729356256
"42",0.752898371032395,0.748849107232286
"43",0.752874457607303,0.74885508778331
"44",0.752852141961169,0.748860565297333
"45",0.75283046542662,0.748865707453354
"46",0.752809641040849,0.748870626037374
"47",0.75279030791544,0.74887459444039
"48",0.752771187827225,0.748878898201408
"49",0.752753079665685,0.748882084102421
"50",0.752735876912222,0.748885381789435
"51",0.752718674158759,0.748887896974445
"52",0.752702430072671,0.748890076801454
"53",0.752686292505181,0.748892256628463
"54",0.752671805975949,0.74889410109747
"55",0.75265678685373,0.748895554315476
"56",0.752642566620991,0.748896895747482
"57",0.752628772462642,0.748897454677484
"58",0.752615244600785,0.748897957714486
"59",0.752602302591214,0.748898237179487
"60",0.75259026598972,0.748898181286487
"61",0.752578389166121,0.748897845928486
"62",0.752565873230939,0.748897286998483
"63",0.752554688778223,0.748896169138479
"64",0.75254339780691,0.748895442529476
"65",0.752532479650687,0.74889415699047
"66",0.752521881050256,0.748892591986464
"67",0.752511548746319,0.748890691624456
"68",0.752501163183082,0.748888735369448
"69",0.752491043916339,0.748886052505437
"70",0.752480977908895,0.748883313748426
"71",0.752471657531632,0.748880910349416
"72",0.752462017598577,0.748877892127404
"73",0.752453070036404,0.74887442676139
"74",0.752444282252127,0.748870458358373
"75",0.752434589059773,0.748866042811355
"76",0.752426333868483,0.748862465659341
"77",0.752417120009817,0.748857658861321
"78",0.752408971337124,0.748852963849302
"79",0.752400236812146,0.74884770990728
"80",0.752390969694181,0.748842511858259
"81",0.752383087317981,0.748836810772236
"82",0.752374406052301,0.74883066254221
"83",0.752366417157504,0.748824290740184
"84",0.752358215225513,0.748817863045158
"85",0.752350812183001,0.748810820527129
"86",0.75234218417662,0.748803386758099
"87",0.752333769207433,0.748795729417067
"88",0.752325673794039,0.748787792611035
"89",0.752318004455034,0.748779240982
"90",0.752309323189354,0.748770465780964
"91",0.752301174516661,0.748761299328926
"92",0.752293292140461,0.748751629839887
"93",0.752285622801456,0.748740898383843
"94",0.752276941535777,0.748730222820799
"95",0.752268686344486,0.748719211899754
"96",0.752260005078807,0.748707586155706
"97",0.752251643368919,0.748695289695656
"98",0.752242855584642,0.748682490198603
"99",0.752234653652651,0.748668796413547
"100",0.75222559957188,0.74865487905649
"101",0.752216332453916,0.748640346876431
"102",0.752207225113847,0.748624976301368
"103",0.752197957995882,0.748609046796303
"104",0.752188531100022,0.748592055324233
"105",0.752178731389071,0.74857416956416
"106",0.752168771900224,0.748555445409083
"107",0.752158865670675,0.748536106431004
"108",0.752147681217959,0.748515481913919
"109",0.752137295654723,0.748494130787832
"110",0.7521263774985,0.74847171769474
"111",0.752115086527187,0.748447683704642
"112",0.752102836888498,0.748422420068538
"113",0.752090533990511,0.748396597502432
"114",0.752078390870419,0.748368986360319
"115",0.75206496952716,0.7483399220002
"116",0.752051601443199,0.748309348529075
"117",0.752037487729058,0.748277098267943
"118",0.752023001199825,0.748242779965802
"119",0.752007023410231,0.748206728980655
"120",0.751991365176429,0.748168498168498
"121",0.75197480153455,0.748128311101334
"122",0.751956959669503,0.748085441170158
"123",0.751937573284795,0.748039832481971
"124",0.751917920603594,0.747992435217777
"125",0.751897628810809,0.747941125443567
"126",0.751875792498364,0.747887188698346
"127",0.751852624703452,0.747829339443109
"128",0.75182828520397,0.747767913035857
"129",0.751801655554647,0.74770274179759
"130",0.751774706349531,0.747632484296303
"131",0.751744987660886,0.747557867140997
"132",0.751713191859593,0.747477660685668
"133",0.751679212427056,0.747392032609318
"134",0.751643102622573,0.747300535767943
"135",0.751602998370692,0.747201493371537
"136",0.751561189821253,0.747095743815104
"137",0.751515014009326,0.746981386736636
"138",0.751465163305792,0.746858086778131
"139",0.751410998599067,0.746725452688587
"140",0.751352147074062,0.746582198929001
"141",0.751287809841296,0.746426257458362
"142",0.751217667344977,0.746257684169671
"143",0.751139695731757,0.746074578700921
"144",0.751054108038831,0.745875487834106
"145",0.750958880412849,0.745658622993218
"146",0.750853533520124,0.745421468993246
"147",0.750735510914322,0.745162572616186
"148",0.750604333261753,0.744879754035027
"149",0.750455846337124,0.744569995027759
"150",0.750288718657968,0.744229606656365
"151",0.750099381851276,0.743857862311842
"152",0.749883415395261,0.743448949122167
"153",0.749635972693745,0.743000854939332
"154",0.749351940854058,0.74250966725332
"155",0.749023384240701,0.741973373916123
"156",0.748642047662386,0.741389683314732
"157",0.748197332518679,0.740757309910142
"158",0.747676776133699,0.740077595134358
"159",0.74706599849681,0.739354172032395
"160",0.746347796854548,0.738592462225275
"161",0.745502731562909,0.737801688058036
"162",0.744511309718586,0.73698961865771
"163",0.743353346047393,0.736159998855311
"164",0.742011531277269,0.735309307391827
"165",0.740475053770588,0.734420161544185
"166",0.738739972339251,0.73345947265625
"167",0.736817418176674,0.732381855611836
"168",0.734730931892861,0.731141813508757
"169",0.732522854630236,0.729705419295873
"170",0.730246765243237,0.728066636529161
"171",0.727969237855176,0.726254250103737
"172",0.725753331475649,0.724331978039864
"173",0.72365369014507,0.722379356076866
"174",0.721706263890025,0.720474131378062
"175",0.719926870722213,0.718674600342691
"176",0.718311675972131,0.717009659651872
"177",0.716846619184937,0.715484171996623
"178",0.715510343381872,0.714086735204899
"179",0.71428261002945,0.712795662792611
"180",0.713144352298757,0.711592454176683
"181",0.712081935809337,0.710459670741043
"182",0.711084282627072,0.70938730763865
"183",0.710141593041012,0.708368713602478
"184",0.709248487861993,0.707401317554516
"185",0.708399055307864,0.706482827881754
"186",0.707588874856839,0.705613635835193
"187",0.706814697691699,0.70479239998283
"188",0.706072902180137,0.704018170143658
"189",0.705360718838624,0.703288934169671
"190",0.704675431442926,0.702601003122854
"191",0.704014749843205,0.701951079316192
"192",0.703376064333824,0.701334970774668
"193",0.702758043432319,0.700746082124256
"194",0.702157385062173,0.700179774245936
"195",0.70157275774092,0.699629843016684
"196",0.701002616948898,0.699089581276471
"197",0.700443341053801,0.698553120260274
"198",0.699894290944045,0.698012131911058
"199",0.699351898246619,0.6974608592498
"200",0.698813606515189,0.69689214797247
"201",0.698276912562718,0.696297725915035
"202",0.6977381414976,0.695671556633471
"203",0.697193458650333,0.695005312070742
"204",0.696639348907204,0.694292620424823
"205",0.696071977598713,0.69352532131768
"206",0.695486338350785,0.692697937235291
"207",0.694879448642697,0.691804431733631
"208",0.694245290173702,0.690840780516684
"209",0.693581413016061,0.689803965362437
"210",0.692884515093259,0.688694042163891
"211",0.692152412774051,0.687513470213055
"212",0.691382549612102,0.686266832735949
"213",0.690576257089878,0.684962625468607
"214",0.689733375429483,0.683610629686069
"215",0.688855182854085,0.68222168863038
"216",0.687942531512462,0.680809831444597
"217",0.686998883259026,0.679386516193767
"218",0.686025889132035,0.677964486481943
"219",0.685024561058164,0.67655525626717
"220",0.683995857704788,0.675168998075492
"221",0.682941110554374,0.673815437288948
"222",0.681860319606921,0.672504746433579
"223",0.680751940342768,0.671243856241415
"224",0.679615014094541,0.670041765485491
"225",0.678446611600813,0.668902722033826
"226",0.677244229674547,0.667831420898438
"227",0.676006377055383,0.666825738145318
"228",0.6747298581854,0.665881817157452
"229",0.673415418694781,0.664991441663805
"230",0.672066307400742,0.664143433064332
"231",0.670687583936655,0.663329854552999
"232",0.669287396975213,0.662543272360777
"233",0.667876132079652,0.66177971808465
"234",0.666464174813209,0.661038521008614
"235",0.66506388133317,0.66031738951966
"236",0.663685903499264,0.659615485222785
"237",0.662339934503845,0.658931410792983
"238",0.661032471981348,0.658263433547247
"239",0.659768202750055,0.65760987669557
"240",0.658548298514534,0.656976217751975
"241",0.657373771201462,0.656369331555489
"242",0.656247976146651,0.655800452599159
"243",0.655174162167321,0.655277294117016
"244",0.654157974749127,0.654803377368075
"245",0.653202076857003,0.654376690204327
"246",0.652305456564273,0.653991922790751
"247",0.651465930239692,0.653642871004321
"248",0.650678544768488,0.653324001438015
"249",0.649939305703261,0.653030395507812
"250",0.649242354521161,0.652757358201694
"251",0.648584016330579,0.652500529865642
"252",0.647960669499209,0.652256333347642
"253",0.647367840245964,0.652021862211682
"254",0.646802599309419,0.651793818770747
"255",0.646263189132717,0.651570190876832
"256",0.645744603341787,0.651348798702925
"257",0.645247054973822,0.651127518315018
"258",0.644767454989501,0.650905511318109
"259",0.644304099091269,0.650681380387191
"260",0.643855496018761,0.650453672304258
"261",0.643419994733721,0.65022221939031
"262",0.642996583309473,0.649986295036344
"263",0.64258440959724,0.649745507991358
"264",0.642181449743674,0.649499355218349
"265",0.641787970045266,0.649248395647321
"266",0.641403171612538,0.64899162320427
"267",0.641026362074607,0.648730099856198
"268",0.640655996911813,0.648462987208104
"269",0.640292076124155,0.64819090008299
"270",0.63993470623023,0.647914453303858
"271",0.639582875303365,0.647633423298707
"272",0.639235837713378,0.64734859256954
"273",0.638894445609048,0.647059458079355
"274",0.638557314248609,0.646767752511161
"275",0.638224070816972,0.646472637469952
"276",0.637895887018706,0.646174895457732
"277",0.637571324852749,0.645875197190505
"278",0.6372503310598,0.64557382213327
"279",0.636933065417757,0.645271217430031
"280",0.636619421408023,0.644967159508785
"281",0.636309026215505,0.64466298980154
"282",0.636002039618101,0.644358428843292
"283",0.635698035541421,0.644054315029046
"284",0.635396960726167,0.643751039609804
"285",0.635099241246728,0.643448714371566
"286",0.6348049836217,0.643147842351334
"287",0.634512643331425,0.642848367656107
"288",0.634223977932755,0.64255124046689
"289",0.633938508092005,0.64225579006768
"290",0.633655328401096,0.641963301997482
"291",0.633375717083197,0.641673832149296
"292",0.633098715470932,0.641387045165121
"293",0.632824962675884,0.641103276402959
"294",0.632553872845768,0.640823252471812
"295",0.632285765536376,0.640547141050681
"296",0.632020747266307,0.640274047851562
"297",0.631758498479767,0.640005370199462
"298",0.631499019176756,0.639740102020375
"299",0.631243374543248,0.639479081709306
"300",0.63099012657818,0.639222197480254
"301",0.630739861133835,0.638969337547218
"302",0.630492631469514,0.638720557803199
"303",0.630248544103812,0.638476193606198
"304",0.630006427332161,0.638235741919214
"305",0.629768358267207,0.637999593993246
"306",0.629533218463678,0.637767190898294
"307",0.629300209032095,0.63753914745736
"308",0.629070182121237,0.637315295991443
"309",0.628842977953207,0.637095077570541
"310",0.628618756305901,0.636879107017657
"311",0.628397197623528,0.636666881295788
"312",0.628178887758371,0.636458735762935
"313",0.627962441968668,0.636254335061098
"314",0.627749191736884,0.636053176153274
"315",0.627538391432837,0.635856097434467
"316",0.627330413871619,0.635662316402673
"317",0.627125046016034,0.635472056629894
"318",0.626922128088187,0.635285374009129
"319",0.626721074235793,0.635102044968378
"320",0.626523002904123,0.63492190182864
"321",0.626327914093177,0.634745112268916
"322",0.626134423061191,0.634571173252204
"323",0.625943435216241,0.634399917099502
"324",0.625755376632717,0.634232685242817
"325",0.625568915828152,0.63406746553414
"326",0.625385064729221,0.633905319940476
"327",0.62520398311382,0.633746024889824
"328",0.625024339499482,0.633589356810182
"329",0.624846559960597,0.633435259808551
"330",0.624671283608748,0.633283454419929
"331",0.624498403925338,0.633134164216318
"332",0.624328027428965,0.632987668662717
"333",0.62415850308137,0.632843185257126
"334",0.623991641698707,0.632701217036544
"335",0.623827283503081,0.632561316856971
"336",0.623664842642207,0.632423652397407
"337",0.623503520226603,0.632288223657853
"338",0.623344754257335,0.632154471708305
"339",0.62318705347404,0.632023179050767
"340",0.623032601507962,0.631893283718235
"341",0.622879267987156,0.631765791784713
"342",0.622727692023206,0.631639808962197
"343",0.622577447541721,0.631515670608688
"344",0.62242981276587,0.631393264938187
"345",0.622283296435291,0.631272480164692
"346",0.622138910476658,0.631153539860205
"347",0.621996495112075,0.631035885094723
"348",0.621855144933464,0.630920018905248
"349",0.621716031645397,0.630806053077782
"350",0.621577877024705,0.630692757966318
"351",0.621442065813154,0.630581363216861
"352",0.621307426306174,0.63047125400641
"353",0.62117406502236,0.630362318548964
"354",0.621042727591896,0.630255003988525
"355",0.620912455347404,0.63014897496709
"356",0.620783940659768,0.63004384023366
"357",0.620657130269688,0.629940270504235
"358",0.620531172028387,0.629838098099817
"359",0.62040739741833,0.629736596411401
"360",0.620284368438454,0.62963615668999
"361",0.620163469830525,0.629537226079585
"362",0.620043050556283,0.629439133864183
"363",0.619924229061,0.629341991829785
"364",0.619806526010989,0.629245911762391
"365",0.619690793555028,0.629150893662002
"366",0.619575859988547,0.629056713956616
"367",0.619462470941727,0.628963708004235
"368",0.619350413377372,0.628871316874857
"369",0.619238994924602,0.628780323070484
"370",0.619129174250791,0.628690111768115
"371",0.619020312244355,0.628600179930746
"372",0.618912302386698,0.628511477739383
"373",0.618805996826598,0.628423558050023
"374",0.618700277118783,0.628336532648666
"375",0.618596314967823,0.628250066177312
"376",0.618492938669148,0.628164326314961
"377",0.618390574297148,0.628079648419614
"378",0.618289967482003,0.62799564124027
"379",0.618189467185455,0.627912192990928
"380",0.618089978815581,0.627829806708591
"381",0.617991875187473,0.627747532212254
"382",0.617894623708142,0.627666431468922
"383",0.617798756970577,0.627585945548592
"384",0.617702836973713,0.627505739093263
"385",0.617608727793003,0.62742670639094
"386",0.617515204464578,0.627347841367617
"387",0.617421947432646,0.627269982418298
"388",0.617330234920375,0.627192235254979
"389",0.61723985389057,0.627115270593664
"390",0.617149259823571,0.627038920755351
"391",0.617060103757635,0.62696290627504
"392",0.616971000950998,0.626888009654733
"393",0.616883762219813,0.626813057141426
"394",0.616796843044421,0.626738998916123
"395",0.616710562980612,0.626665555513822
"396",0.616624868769088,0.626592168004522
"397",0.616540452780732,0.626519842462225
"398",0.61645624982957,0.62644785227793
"399",0.616372579471395,0.626375862093635
"400",0.616290347114283,0.626304766197344
"401",0.616208327794366,0.626233837980054
"402",0.616127746475513,0.626163692264767
"403",0.616046952119464,0.62609365833548
"404",0.615966956652896,0.626024015657194
"405",0.615887760075807,0.625955155480912
"406",0.61580851023942,0.625886071732629
"407",0.615730751663394,0.62581799405835
"408",0.61565373871755,0.625749804598071
"409",0.615576619253109,0.625682565318796
"410",0.615500458456043,0.625615437825521
"411",0.615424723733366,0.625548142653245
"412",0.615349574862974,0.625481797661973
"413",0.615275171622764,0.625415452670702
"414",0.615201034679047,0.625349554823432
"415",0.615127962921302,0.625283824655163
"416",0.615055050941454,0.625218597523895
"417",0.614982405258099,0.62515392932263
"418",0.614910558464223,0.625089261121366
"419",0.614839457300529,0.625024704706101
"420",0.614768409396133,0.624960315969837
"421",0.614697894084724,0.624896374377576
"422",0.614628284181392,0.624832824036315
"423",0.614558834055955,0.624769273695055
"424",0.614490076301402,0.624706058711796
"425",0.614421318546848,0.624643011407538
"426",0.614353412941072,0.624579908210279
"427",0.614285933409686,0.624517419836023
"428",0.614218400619001,0.624455099140768
"429",0.614152359088678,0.624392778445513
"430",0.614085998002563,0.62433101668026
"431",0.614020276028032,0.624268975450006
"432",0.613954820349995,0.624207046005752
"433",0.613889524449853,0.6241455637055
"434",0.613824920920593,0.62408447265625
"435",0.613760796725022,0.624023102141999
"436",0.613696885566645,0.623961843413748
"437",0.613633933075644,0.623901031829499
"438",0.613570820806746,0.623839996673249
"439",0.613508507427329,0.623779240982
"440",0.613446194047911,0.623718988327753
"441",0.613384146964987,0.623658288529504
"442",0.61332257921575,0.623598315340259
"443",0.613261117985111,0.623538062686012
"444",0.613200242606757,0.623477810031765
"445",0.613140059599286,0.62341783684252
"446",0.613079503776723,0.623357975439274
"447",0.613019853362238,0.623297890464028
"448",0.612961161615129,0.623238476204785
"449",0.61290124490415,0.62317872658754
"450",0.612842340119846,0.623119368221297
"451",0.612784127706425,0.623059562711052
"452",0.612725755515107,0.62300037202381
"453",0.61266812895397,0.622941125443567
"454",0.612610076318445,0.622881934756324
"455",0.612553248646788,0.622823079427083
"456",0.612496207937936,0.62276377695384
"457",0.612439220488384,0.622704362694597
"458",0.61238303192831,0.622645842723357
"459",0.612326630331043,0.622586875608116
"460",0.612270601548866,0.622527964385875
"461",0.61221569121196,0.622469500307635
"462",0.612159822207679,0.622410868550395
"463",0.612104805352176,0.622352013221154
"464",0.612050108052465,0.622293884500916
"465",0.61199557053065,0.622235140957675
"466",0.611940766712342,0.622176788665436
"467",0.611887081339305,0.622118212801196
"468",0.611833023151178,0.622060251759959
"469",0.611779231259544,0.622002178932721
"470",0.611726131738793,0.621943770747482
"471",0.611672925699444,0.621885921492245
"472",0.611619879437991,0.621827960451007
"473",0.611566833176538,0.62177005530277
"474",0.611514532545266,0.621711814796532
"475",0.611462711247682,0.621654189113296
"476",0.611410623653605,0.62159667521606
"477",0.611358376281632,0.621538993639824
"478",0.61130644846545,0.621481144384587
"479",0.611255106501554,0.621423630487351
"480",0.611204243871346,0.621366228376116
"481",0.611152635610957,0.621308770371881
"482",0.611101986017943,0.621251535939646
"483",0.611051176647033,0.621194580972413
"484",0.611000633572617,0.621137234754178
"485",0.610950303535395,0.621080112107944
"486",0.610899920238874,0.62102304535471
"487",0.610850016276042,0.620966369852478
"488",0.61080005905391,0.620909694350246
"489",0.61075084746196,0.620852627597012
"490",0.610701209795621,0.620796399238782
"491",0.61065162538858,0.620739220699548
"492",0.61060161490715,0.620683215913318
"493",0.610552882648887,0.620626652197087
"494",0.610504043872028,0.620570144373855
"495",0.610455311613765,0.620514139587626
"496",0.610406579355503,0.620457967122396
"497",0.610358219912331,0.620401906443166
"498",0.610310020247055,0.620346181121938
"499",0.610261714063182,0.620290288121709
"500",0.610213620916503,0.620234674586481
"501",0.610165581029123,0.620178893372253
"502",0.610117700919639,0.620123168051025
"503",0.610069714291558,0.620068225231799
"504",0.610022206997164,0.620013002947573
"505",0.609974699702771,0.619957724770347
"506",0.609927245667676,0.619902670165121
"507",0.609879738373282,0.619847615559896
"508",0.609832390856784,0.619792840419671
"509",0.609785735711169,0.619738232958448
"510",0.609738388194672,0.619683625497224
"511",0.609691679789758,0.619629073929001
"512",0.609645024644143,0.619574857718779
"513",0.60959826297993,0.619520753294557
"514",0.609551235019224,0.619466313512334
"515",0.609504899429401,0.619412712125115
"516",0.609458350802383,0.619358998951895
"517",0.609412121731157,0.619305118099674
"518",0.609365679622737,0.619251740284455
"519",0.609319770107303,0.619198306576236
"520",0.609273434517479,0.61914559947702
"521",0.609227418483448,0.619092165768802
"522",0.609181242671521,0.619039290990585
"523",0.609135333156086,0.61898669567737
"524",0.609089263862756,0.618934044471154
"525",0.609043514125218,0.618881616836939
"526",0.608997604609784,0.618829356881725
"527",0.60895169509435,0.618777041033511
"528",0.608906371431201,0.618725451794299
"529",0.608860568434364,0.618673415411086
"530",0.608814818696826,0.618621993850876
"531",0.608769495033677,0.618570125146663
"532",0.608724171370528,0.618519094837454
"533",0.608678155336496,0.618468232207246
"534",0.608632991451243,0.618417146005037
"535",0.608587294973004,0.618366562839829
"536",0.608542077828452,0.618315756102621
"537",0.608496647646706,0.618265564188416
"538",0.608451430502154,0.61821531638121
"539",0.608405893801811,0.618165683397007
"540",0.608360729916558,0.618115770947802
"541",0.608315299734811,0.618066082070599
"542",0.608269976071662,0.618016672658396
"543",0.608224705667812,0.617967319139194
"544",0.608178955930274,0.617918412763994
"545",0.608133738785722,0.617869394602793
"546",0.608088894456261,0.617821103050595
"547",0.608043038200125,0.617772755605397
"548",0.607998087352067,0.6177245199462
"549",0.607952710429619,0.617676619645003
"550",0.60790738676647,0.617628831129808
"551",0.607862063103321,0.617581713330615
"552",0.607816632921575,0.61753426017342
"553",0.60777194837001,0.617487198267228
"554",0.607726411669666,0.617440359933036
"555",0.607680715191427,0.617393745170845
"556",0.607635498046875,0.617347353980655
"557",0.607589854827934,0.617301186362466
"558",0.607544371386889,0.617255186423277
"559",0.607498887945844,0.61720935416309
"560",0.607453564282695,0.617164136725904
"561",0.607407494989365,0.617118695716718
"562",0.607361958289022,0.617074428460537
"563",0.607315995514289,0.617029490488353
"564",0.607270725110438,0.61698483198117
"565",0.607224496039212,0.616940732403989
"566",0.607178746301674,0.616896688719809
"567",0.607133156342032,0.61685303628663
"568",0.607086820752209,0.616809942783454
"569",0.607041337311164,0.616766513922276
"570",0.606994788684146,0.616724147028102
"571",0.606948506353621,0.616681165310926
"572",0.606902437060291,0.616638854309753
"573",0.606856101470468,0.616596487415579
"574",0.606809872399242,0.616554903023409
"575",0.606763430290821,0.616513318631239
"576",0.606716721885908,0.61647223727607
"577",0.606670279777487,0.616431379492903
"578",0.606623731150469,0.616390689388736
"579",0.606576916226958,0.616350278749571
"580",0.606529941525551,0.616310091682406
"581",0.606483605935727,0.616270743010245
"582",0.606436418197126,0.616231003087082
"583",0.606389283717823,0.616191877986922
"584",0.606342255757117,0.616153032351763
"585",0.606294269129036,0.616114577967605
"586",0.606247507464823,0.616076403048449
"587",0.60620037298552,0.616038395808293
"588",0.606152386357439,0.616000835712139
"589",0.606104985581643,0.615963275615986
"590",0.606057744583742,0.615926274449834
"591",0.606008905806883,0.615889664534684
"592",0.605961718068281,0.615853557656536
"593",0.605913358625109,0.615817674350389
"594",0.60586526547843,0.615781902830243
"595",0.60581685277596,0.615746634347098
"596",0.605768599851385,0.615711477649954
"597",0.60571997411172,0.615676823989812
"598",0.605671348372055,0.615642729259673
"599",0.605622456335897,0.615608690422533
"600",0.605573937114829,0.615575322301397
"601",0.605524991819372,0.61554201007326
"602",0.605475886746019,0.615508809631124
"603",0.60542662189477,0.615476615262992
"604",0.605377623340014,0.61544430910886
"605",0.605327825895779,0.61541261777773
"606",0.605279200156114,0.615381261804602
"607",0.605228976637489,0.615350129403474
"608",0.605179072674656,0.615319444146348
"609",0.605129541526914,0.615288814782223
"610",0.60507969082338,0.615259247385102
"611",0.605029041230366,0.615229847666981
"612",0.604978977489638,0.615200727413862
"613",0.604928061600131,0.615171830732744
"614",0.604878051118701,0.615143716553629
"615",0.604827081969895,0.615115546481513
"616",0.604776432376882,0.615088214804401
"617",0.604725836043166,0.615061330271291
"618",0.604675186450153,0.615034389845181
"619",0.604623897745555,0.615007896563072
"620",0.604572342744464,0.614982241675967
"621",0.604521160558464,0.614956586788862
"622",0.604469552298075,0.61493160261776
"623",0.604418103815581,0.614906842018658
"624",0.604366442295893,0.61488280802856
"625",0.604314674257608,0.614858997610462
"626",0.604263119256517,0.614835746122367
"627",0.604210605588051,0.614812774099273
"628",0.604158464734675,0.614790361006181
"629",0.604106217362702,0.61476817148509
"630",0.604054236287222,0.614746876252003
"631",0.604001456322262,0.614726139948918
"632",0.603949262209588,0.614705012394832
"633",0.603896269207433,0.61468511448675
"634",0.603843755538967,0.614665272471669
"635",0.603790762536813,0.61464604527959
"636",0.603737663016061,0.614627209338513
"637",0.603684776532504,0.614608429290436
"638",0.603631623752454,0.614590767102364
"639",0.603578684009599,0.614573328486292
"640",0.603525318192354,0.614556281121223
"641",0.603472378449498,0.614539904472155
"642",0.60341874633576,0.61452386318109
"643",0.603365646815009,0.614508269034026
"644",0.603312227738465,0.614493289709965
"645",0.603259128217714,0.614478645743905
"646",0.603205016770288,0.614464728386848
"647",0.603152077027432,0.614451537638793
"648",0.603098977506681,0.614438179211739
"649",0.603045025837151,0.614425770965688
"650",0.602991393723413,0.614413642184638
"651",0.602938667017752,0.614402184119591
"652",0.602885247941209,0.614391396770547
"653",0.602832095161158,0.614380721207503
"654",0.602779208677601,0.614371331183465
"655",0.60272610915685,0.614361885266426
"656",0.602673595488384,0.614353501316392
"657",0.602620868782722,0.614345452724359
"658",0.602568834447944,0.614338186634329
"659",0.602516054482984,0.614331423581302
"660",0.602464552741192,0.61432616963928
"661",0.60241267818431,0.614321083376259
"662",0.602361389479712,0.614317170866243
"663",0.602310952923893,0.614313705500229
"664",0.602259983775087,0.614311246208219
"665",0.60220986677506,0.614310184241215
"666",0.602160601923811,0.614310240134215
"667",0.602111656628354,0.614311693352221
"668",0.602063190666585,0.614314488002232
"669",0.602015417075698,0.614318456405248
"670",0.601969454300965,0.614324604635274
"671",0.601923491526233,0.614331758939303
"672",0.601878860233966,0.614341260749342
"673",0.601835826720659,0.614352327563387
"674",0.601793964911922,0.614366021348443
"675",0.601752635696171,0.614381224244505
"676",0.601714289001145,0.614398886432578
"677",0.601676954232793,0.614418169517657
"678",0.601642868281659,0.614440079573747
"679",0.601610060553692,0.614463386954842
"680",0.601580288605748,0.614488594697945
"681",0.601552220955361,0.61451648530506
"682",0.601526390195517,0.614546052702181
"683",0.601503222400605,0.614577408675309
"684",0.601480267642888,0.614611223940448
"685",0.601459070442027,0.614647554390596
"686",0.601437926500464,0.614686288239755
"687",0.601416356484511,0.614727593166924
"688",0.601393827801183,0.614771022028102
"689",0.601369648079597,0.614817860362294
"690",0.601344669468532,0.614866654951494
"691",0.60131718767043,0.6149169586517
"692",0.601288960242147,0.614969498071915
"693",0.601259135034904,0.615023881961138
"694",0.601228244641688,0.615079551389366
"695",0.601196182543903,0.615136338677598
"696",0.601163800890325,0.615194635076837
"697",0.601130354050774,0.615254943624084
"698",0.601096108321744,0.615316705389337
"699",0.601061596296221,0.615380032158597
"700",0.601025806047529,0.615445203396864
"701",0.600989216909359,0.61551277803414
"702",0.600950550658541,0.615581861782423
"703",0.600909114924193,0.615653628394717
"704",0.600863471705252,0.61572757483402
"705",0.600811703666967,0.615804371816335
"706",0.600752532586169,0.615884410592663
"707",0.600684946536186,0.615967802949004
"708",0.60060718796016,0.616055219601362
"709",0.6005189905616,0.616146492870736
"710",0.600420727155596,0.616242461152129
"711",0.600312024927056,0.616342453729539
"712",0.600194162099149,0.616447420783969
"713",0.600066978893979,0.616556300348415
"714",0.599933244795075,0.616668757064875
"715",0.599792107653659,0.616785685221354
"716",0.59964521850799,0.616905575706845
"717",0.59949358928474,0.617028596200349
"718",0.599337486280405,0.617154131878863
"719",0.599177601865865,0.617282573993389
"720",0.599014628412004,0.617412581111922
"721",0.598849258289703,0.617544265020461
"722",0.598681598017561,0.617677737505008
"723",0.598511754114174,0.617811880705557
"724",0.598339992876036,0.617947588910113
"725",0.598167219711224,0.61808340890067
"726",0.597992049877972,0.618220849788233
"727",0.597815708340151,0.618358793712798
"728",0.597637662504772,0.618497072995364
"729",0.597459030817108,0.618636190672934
"730",0.597278961128381,0.618775979066506
"731",0.597098891439654,0.618916885320084
"732",0.596916691378981,0.619058685861664
"733",0.596733692428829,0.619201492477249
"734",0.596550267404287,0.619345472845839
"735",0.596366682601849,0.619491018218435
"736",0.596181766316945,0.619638463953039
"737",0.595996423957652,0.61978747469165
"738",0.595810602264671,0.619938665257269
"739",0.595624407756599,0.620092315114898
"740",0.59543693502536,0.620247865334535
"741",0.595248929701134,0.620406098418183
"742",0.595059805931637,0.620566846686842
"743",0.59486988327266,0.62072988656851
"744",0.594678416094023,0.620894826812185
"745",0.594485990248009,0.62106205866887
"746",0.594290581881272,0.621230743743561
"747",0.594093469216977,0.621400937929258
"748",0.593893160994764,0.621571355686956
"749",0.593689550696035,0.621742891304659
"750",0.593481892690609,0.621913588527358
"751",0.5932696011262,0.622084341643057
"752",0.593052036891225,0.622253865112752
"753",0.592828773911295,0.622422382508442
"754",0.592598533963242,0.622589334900126
"755",0.592361210528469,0.622754275143802
"756",0.592116910125573,0.622917706276471
"757",0.591864780605776,0.623079125261132
"758",0.591605194784168,0.623237917274783
"759",0.59133889829093,0.623394864819425
"760",0.591066157422557,0.623549241286058
"761",0.590786546104658,0.623700320065677
"762",0.590502247968477,0.623848548302284
"763",0.590213848866301,0.623992640456874
"764",0.589921295538831,0.624132484743447
"765",0.589626665098713,0.624267019194998
"766",0.589329158656468,0.624396802741529
"767",0.589030107694563,0.624520158593035
"768",0.588730470880372,0.624637310321514
"769",0.588430248213896,0.624746581136962
"770",0.58812965273233,0.624848418183379
"771",0.587830495251827,0.624941591814761
"772",0.587531391030623,0.625025598994105
"773",0.587233831329079,0.62510004847041
"774",0.586938508518079,0.625164381313673
"775",0.58664393133726,0.625218038593893
"776",0.586352230158568,0.625260237809066
"777",0.586062446314627,0.62529047592219
"778",0.585775112398424,0.625308249896263
"779",0.585491133818036,0.625312218299279
"780",0.585209764943281,0.625303443098243
"781",0.584931751404341,0.625279912145147
"782",0.584657625794203,0.625241234188988
"783",0.58438680226058,0.625186682620765
"784",0.584119919915058,0.625115586724473
"785",0.583856818979739,0.625027219891112
"786",0.583597659232521,0.624920687832675
"787",0.583343186303583,0.624795655191163
"788",0.583092281747655,0.62465089232057
"789",0.582846703121591,0.624486622792897
"790",0.582604000497655,0.624301505176139
"791",0.582365771654805,0.624095092326293
"792",0.582130791629172,0.623867496029361
"793",0.581899539754445,0.623617151281336
"794",0.581671110622546,0.623345064156221
"795",0.581446356382254,0.623051122868017
"796",0.581224531403387,0.622735047951723
"797",0.581006061760335,0.622397789588341
"798",0.580790894193799,0.622040074386876
"799",0.580580093889752,0.621663467351334
"800",0.580373341292403,0.621268974555718
"801",0.580171701587724,0.620857769753033
"802",0.579975760628,0.620432815272293
"803",0.579785518413231,0.619994278792497
"804",0.579601187980612,0.619544563712655
"805",0.579423461701025,0.619085067357772
"806",0.579251540684991,0.618616795801854
"807",0.579084892339523,0.618141928871909
"808",0.578922451478649,0.617661360855941
"809",0.578763046397797,0.617176377292954
"810",0.578602948946062,0.616688207828955
"811",0.578438803787631,0.616198082109947
"812",0.578266829512298,0.615707397460938
"813",0.578081540412304,0.615216545132927
"814",0.577880326782014,0.614724798516913
"815",0.57766153758317,0.614230033678886
"816",0.577425119556474,0.613729008824834
"817",0.577175386705116,0.61321535215273
"818",0.576916759550884,0.612682132930546
"819",0.576654137949253,0.612123817751259
"820",0.576390664198844,0.611534537849845
"821",0.576126072003163,0.610912113399296
"822",0.575854928913749,0.610255929576608
"823",0.575570470999673,0.609568445673792
"824",0.575274402558491,0.608852400447859
"825",0.574972795150251,0.608110756227822
"826",0.574674915892916,0.607346028198689
"827",0.574389392792866,0.606561793512477
"828",0.574118409481348,0.6057616293212
"829",0.573862178995555,0.604949839385875
"830",0.573618411185646,0.604131286397522
"831",0.573384230049493,0.603309379829155
"832",0.573159422549902,0.602487976297791
"833",0.572942071352121,0.601669479202438
"834",0.572732975345632,0.600856794979109
"835",0.572532241049029,0.600052494705815
"836",0.572337738090369,0.59925791981456
"837",0.572147708912795,0.598475082453354
"838",0.571960875293139,0.597704876910199
"839",0.571772071079434,0.596945291037088
"840",0.571578952862538,0.596194256793012
"841",0.571378538121728,0.595448029346955
"842",0.57116976167103,0.594702472616901
"843",0.570951132250082,0.593953897664835
"844",0.570724513934337,0.593198447873741
"845",0.570493688133999,0.592435173062615
"846",0.570265365520697,0.591664743947459
"847",0.570045670913776,0.590892079112294
"848",0.569840196539594,0.590124276968149
"849",0.569648516323762,0.589371230576065
"850",0.569467647745555,0.588642050495078
"851",0.569293756135471,0.587946014963227
"852",0.569120397118374,0.587288042564532
"853",0.568945227285122,0.586672157595009
"854",0.568765849967278,0.586098248268658
"855",0.568581945609048,0.585564414223472
"856",0.568390851245501,0.585067134200435
"857",0.568194697248582,0.584603334084535
"858",0.567994602063563,0.584171057620765
"859",0.567791098283432,0.583769354628119
"860",0.567590257468232,0.583400404933608
"861",0.567397831622219,0.583069462479253
"862",0.567229851794284,0.582789382655105
"863",0.56710874014916,0.582583305163261
"864",0.567074760716623,0.582492255465888
"865",0.567088767912167,0.582618629539406
"866",0.567012127781414,0.58318594349173
"867",0.566821992085242,0.583411359961653
"868",0.566941612470004,0.58358636094537
"869",0.567143838026969,0.583656394874657
"870",0.567169615527514,0.583684397267771
"871",0.567101230588051,0.583605699923449
"872",0.566949494846204,0.583404764587626
"873",0.566712277930028,0.583142626416552
"874",0.56643303942722,0.582876911093464
"875",0.566135905800065,0.582608009869362
"876",0.565863963821171,0.582312727149153
"877",0.5656305283152,0.581995087228852
"878",0.565422018160995,0.581663529951494
"879",0.565228207573217,0.581325377300109
"880",0.565042811954625,0.580982473743704
"881",0.564861996635717,0.580636384286287
"882",0.56468389754104,0.580288953396864
"883",0.564506810373037,0.579940292861435
"884",0.564329137352749,0.579591967684009
"885",0.564150825220877,0.579244704473586
"886",0.563970595754254,0.578899844662174
"887",0.563787969619192,0.578557611821772
"888",0.563601721851822,0.578219403277387
"889",0.563414462157777,0.577886728140024
"890",0.563224432980203,0.577559027479682
"891",0.563031953874891,0.577237642728365
"892",0.56283904869519,0.576922406207074
"893",0.562645397885308,0.57661365327381
"894",0.562453611150878,0.576309763031565
"895",0.562264700418575,0.57601073548034
"896",0.562080902578943,0.575714167221125
"897",0.561903708892343,0.575419611109919
"898",0.561733066099476,0.575125334463713
"899",0.561569240496837,0.574830331208505
"900",0.561412658158813,0.574533092233288
"901",0.561262253899433,0.574233785217062
"902",0.561117388607112,0.573931851229825
"903",0.560977689466759,0.573626619555575
"904",0.560841505440118,0.573318872696314
"905",0.560708410452798,0.573007269220038
"906",0.560577392578125,0.57269298287975
"907",0.560448451816099,0.57237545474545
"908",0.56032004364706,0.572055355533139
"909",0.560191475700125,0.571732461670816
"910",0.560062747975295,0.571407723339486
"911",0.55993338113888,0.571080078572144
"912",0.559803321931583,0.570751092372796
"913",0.559671877982521,0.570420261704441
"914",0.559538889513798,0.570088033711081
"915",0.559404250006817,0.569754240713713
"916",0.559268065980176,0.569420112358345
"917",0.559130710248964,0.56908447489197
"918",0.558991437183001,0.568749284569597
"919",0.558851525005454,0.568413591210222
"920",0.558709642233857,0.568078009636848
"921",0.558566641016988,0.567742539849473
"922",0.558423533281523,0.567408467387105
"923",0.55827834843341,0.567074394924737
"924",0.558132471214414,0.566741775680374
"925",0.557986434217523,0.566410609654018
"926",0.557838799441672,0.566082238277673
"927",0.557688981034577,0.565755711370335
"928",0.557538097441509,0.565431811434009
"929",0.557384284587015,0.565111265077696
"930",0.557228181582679,0.564794519445398
"931",0.557068030871646,0.564481239179115
"932",0.556904258528305,0.564173268747854
"933",0.556736917811955,0.563869434398609
"934",0.556565263092414,0.563571971851391
"935",0.556389933481266,0.563280266283196
"936",0.556211142015707,0.562994988410027
"937",0.556029421288722,0.562716864840888
"938",0.555846528857166,0.562444889501774
"939",0.555662624498937,0.562180012573689
"940",0.555479039696499,0.561921619233631
"941",0.555296360302138,0.561668982872596
"942",0.555115704761126,0.561421265095582
"943",0.554936700258371,0.561178913046589
"944",0.554759293534577,0.560941535474617
"945",0.554582898737456,0.56070795862666
"946",0.554407888682101,0.560478182502719
"947",0.554233411219732,0.560252151209793
"948",0.554059200053856,0.560029808854882
"949",0.553884882369383,0.55981193793999
"950",0.553710404907014,0.559597588284112
"951",0.553534595962178,0.559387374710251
"952",0.553359639166121,0.559181967934409
"953",0.553183776961987,0.558981256170587
"954",0.553007169127672,0.558785686562786
"955",0.552830348256163,0.558595818041008
"956",0.552653048050965,0.558411818284255
"957",0.552474416363302,0.558232904790522
"958",0.552295411860548,0.558060810242817
"959",0.552115608468314,0.557894919818138
"960",0.551936390928365,0.557735121730483
"961",0.551758771167376,0.55758052169185
"962",0.551583175259735,0.55743173452524
"963",0.551412053133181,0.557286245045645
"964",0.551247215603867,0.557142879500057
"965",0.551091645192517,0.556997948950464
"966",0.550947578789676,0.55684826749585
"967",0.550819330398533,0.556686513153188
"968",0.550712066171057,0.556503743042439
"969",0.550632177223086,0.556286989987552
"970",0.550589729562064,0.556019374302455
"971",0.55060245853444,0.555681892367073
"972",0.550680589925556,0.555258502890339
"973",0.550792327934119,0.55475596892528
"974",0.550851871830007,0.554213527358059
"975",0.550834828854439,0.553669856144832
"976",0.550784072742828,0.553136916387649
"977",0.550726073366601,0.552609342358488
"978",0.550661043762953,0.55207752046131
"979",0.550589250228376,0.551531669421074
"980",0.550522196771379,0.550973745492788
"981",0.550431922260171,0.550446003784627
"982",0.550277363775496,0.549991593692766
"983",0.55022682070108,0.549548697558951
"984",0.55022564899651,0.54909177228208
"985",0.550153855461933,0.548646584535256
"986",0.550017511657395,0.548224145239526
"987",0.549844631973986,0.547821995102879
"988",0.549652152868674,0.547438066084306
"989",0.549448649088542,0.547071408002805
"990",0.549239020489065,0.546721573714372
"991",0.5490250246271,0.546388060182005
"992",0.548808791874591,0.546071035084707
"993",0.548590535268734,0.54576893341847
"994",0.54837057436532,0.545481531611292
"995",0.548149388498037,0.54520743233817
"996",0.547926871148288,0.544945350060096
"997",0.547702756019579,0.544694166917067
"998",0.547477202889807,0.544454162374084
"999",0.54725026501827,0.544224218571142
"1000",0.547018427291258,0.544004726759243
