0,737442922374429;0,295770742277753;0;0,253194870284222;0,51242234433471;0,148546441860465;0,73532361677814;0,247252747252747;0,783231575513431
0,29155250456621;0;0,590704614971376;0,586261946955158;0,189440987905559;0,660174348837209;0,410436492349412;0,005494505494506;0,137411240498598
0,908675799086758;0;0;0,624600629982443;0;0,941860465116279;0,047666836788771;0,005494505494506;0,295627252912103
0,442237470319635;0;0,477761095119607;0,396964841780308;0,276397506944177;0,447965046511628;0,665328720441268;0,005494505494506;0,256883038666576
0,43013697260274;0;0,480759590781821;0,369808339532149;0,291925456772501;0,465697709302326;0,67987961946089;0,074175824175824;0,403762337205988
0,296347038812785;0;0,607696123707263;0,416932893376986;0,208074527699549;0,742441930232558;0,462870073027802;0,035714285714286;0,304472413217202
0,415525114155251;0,04173622774184;0,704647655033054;0,456868996570343;0,17080744811157;0,119186046511628;0,519317642909241;0,151098901098901;0,525601109395817
0,181278525114155;0;0,834582683620709;0,381789170490156;0,236024837390533;0,740116209302325;0,461113896303897;0,151098901098901;0,414102414702938
0,785388127853881;0,066777964386944;0,394802586862491;0,321086245712929;0,319875766463486;0,482558139534884;0,296036144267104;0,151098901098901;0,65329514521727
0,440639269406393;0;0;0,504792320402372;0;0,779069767441861;0,439036654633416;0,074175824175824;0,284664265221484
0,085844762557078;0,582637722581598;0;0,560702864873072;0;0,715116279069768;0,534119510333337;0,491758241758242;0,521739130976433
0,58675799086758;0,052865888472998;0,704647655033054;0,257188480603558;0,338509306257475;0,409883720930233;0,519317642909241;0,074175824175824;0,71209671638462
0,424657534246575;0,534223715095555;0;0,560702864873072;0;0,380813953488372;0,310587043286726;0,244505494505494;0,600473404770734
0,420776228310502;0,558987193527889;0;0,182907304702252;0,34782607615447;0,591860395348837;0,526091381400384;0,074175824175824;0,814376462299152
0,205479452054794;0,801335572643332;0;0,560702864873072;0;0,374418569767442;0,306322085679202;0,074175824175824;0,460819744881519
0,484018264840183;0,403450201504455;0,564717624246348;0,456868996570343;0,248447197253193;0,197674418604651;0,240842964827474;0,074175824175824;0,54690421195725
0,200913242009132;0,528658884729976;0;0,848242807865243;0;0,380813953488372;0,190667347155084;1;0,639840541667884
0,39041095890411;0,292153594192881;0,409795090161067;0,704472836369157;0,279503096909842;0,299418604651163;0,215755155991279;0,074175824175824;0,43403511732989
0,070776255707763;0,556483036557869;0;0,560702864873072;0;0,367441930232558;0,615153102768877;0,016483516483517;0,141148626912885
0,633561643835616;0,420701167290504;0;0,256389710616367;0,49378880454072;0,96889549127907;0,027596589719815;0,005494505494506;0,32727047034435
0,408675799086758;0;0;0,512779541041043;0;0,880813953488372;0,451580559051514;0,074175824175824;0,250529481762289
0,1463470456621;0;0,816091944544969;0,436900944973665;0,139751548454921;0,748837139534884;0,466884062230852;0,005494505494506;0,105020558241449
0,077625570776256;0,450751259611874;0,629685138540176;0,400958452099643;0,310558996566491;0,354651162790698;0,426492750215319;0,074175824175824;0,333125709060065
0,623287671232877;0;0;0,512779541041043;0;0,688953488372093;0,411440064913602;0,016483516483517;0,295627252912103
0,541552538812785;0;0;0,51038335088778;0;0,779651020348837;0,402157545538839;0,016483516483517;0,234832446364332
0,863013698630137;0;0;0,560702864873072;0;0,393023290697674;0,296537930549198;0,244505494505494;0,647689065595841
0,743150684931507;0,132164721182494;0;0,848242807865243;0;0,380813953488372;0;0,244505494505494;0,488476416805193
0,335844762557078;0;0,493753123625594;0,289936133145435;0,397515515605108;0,543023220930232;0,740090360667759;0,074175824175824;0,355300868451498
0,254566210045662;0;0,870564676544787;0,298722003962987;0,363354025982794;0,705232488372093;0,446312179406654;0,151098901098901;0,60956769925421
0,116438356164384;0,403450201504455;0;0,448881775931672;0,248447197253193;0,578488372093023;0,572002041465251;0,074175824175824;0,207798684634326
0,254566210045662;0;0,870564676544787;0,261980860910085;0,363354025982794;0,730523398255814;0,455343730376943;0,271978021978022;0,709729667615041
0,625570776255708;0;0;0,74121409923037;0;0,588662790697674;0,422478761012269;0,035714285714286;0,290145777753726
0,908904123287671;0;0;0,624600629982443;0,093167698969947;0,940116348837209;0,048168623070866;0,074175824175824;0,520742519515199
0,086529666666667;0,368948269932358;0,516241878573457;0,626996820135707;0,229813657459203;0,334302325581395;0,399899733059693;0,074175824175824;0,424940822846414
0,089726034246575;0,589872018751341;0;0,652555902217793;0;0,496511593023256;0,387606646519216;0,244505494505494;0,465055449484376
0,646118721461187;0;0;0,512779541041043;0;0,479651162790698;0,423983969331699;0,035714285714286;0,318799061138634
0,310730607305936;0;0,470264843470319;0,518370571526451;0,217391297596544;0,432848906976744;0,634721563555739;0,035714285714286;0,291017834583726
0,735159817351598;0,061213134021366;0,659670145137327;0,448881775931672;0,263975147081517;0,061046511627907;0,391369817844645;0,074175824175824;0,743989043079333
0,146118721461187;0,722593256359376;0;0,490415299291101;0,394409925639443;0,168023220930233;0,584044159601254;0,074175824175824;0,443378583365606
0,502283105022831;0;0;0,648562291898458;0;0,502906976744186;0,516808862025621;0,074175824175824;0,284664265221484
0,305936073059361;0;0;0,568690085511743;0;0,48546511627907;0,730055237133281;0,016483516483517;0,095427933111447
0,070776255707763;0,556483036557869;0;0,560702864873072;0;0,367441930232558;0,615153102768877;0,074175824175824;0,318176175860874
0,657305922374429;0,525876469547186;0;0,192491945506995;0,68322979244628;0,417732593023256;0,405920716864268;0,074175824175824;0,899090591730175
0,142922388127854;0;0,751624135383584;0,477635818154213;0,363354025982794;0,646220895348837;0,338434601411015;0,074175824175824;0,195589901472279
0,076940632420091;0,566221489697632;0;0,51038335088778;0;0,79999985755814;0,414701449956936;0,074175824175824;0,197707753773708
0,251141552511415;0;0,623688152213249;0,297124583796915;0,242236017321863;0,826744255813954;0,515554471583812;0,151098901098901;0,532577588951728
0,442922374429224;0;0;0,560702864873072;0;0,825581395348837;0,429001531098938;0,016483516483517;0,1478759224586
0,399543378995434;0,324986101697041;0,454772600056794;0,549520803902256;0,217391297596544;0,42296511627907;0,179628651056416;0,074175824175824;0,513890656880295
0,254566210045662;0;0,870564676544787;0,261980860910085;0,363354025982794;0,730523398255814;0,455343730376943;0,074175824175824;0,543291392632151
0,116438356164384;0,283806348644513;0;0,560702864873072;0;0,252906976744186;0,875815346260834;0,016483516483517;0,0752460464743
0,192237436073059;0,345297718619327;0;0,51038335088778;0;0,820930302325582;0,427245354375034;0,074175824175824;0,19023296848718
0,538584461187215;0,525876469547186;0;0,424121344028467;0,295031046738166;0,417732593023256;0,405920716864268;0,074175824175824;0,592624930674597
0,735159817351598;0,061213134021366;0,659670145137327;0,448881775931672;0,263975147081517;0,061046511627907;0,391369817844645;0,016483516483517;0,456833199372946
0,341095876712329;0;0,591204395066335;0,532747592637722;0,198757757802554;0,661046581395349;0,410687460753886;0,074175824175824;0,377849766484359
0,341095876712329;0;0,591204395066335;0,567891315524552;0,180124218008565;0,705232488372093;0,402157545538839;0,151098901098901;0,460196847145804
0,205479452054794;0,801335572643332;0;0,560702864873072;0;0,374418569767442;0,306322085679202;0,244505494505494;0,602965008171546
0,360730593607306;0,281023933461724;0,389805085762966;0,392971231460972;0,310558996566491;0,392441860465116;0,423983969331699;0,074175824175824;0,59100537164583
0,085844762557078;0,582637722581598;0;0,560702864873072;0;0,715116279069768;0,534119510333337;0,244505494505494;0,461318075528045
0,107305936073059;0,327212019931197;0,458270835833958;0,488019109137838;0,220496887562208;0,443023325581395;0,467385848512946;0,074175824175824;0,263984060395766
0,17351598173516;0,361157499073303;0,592703620408687;0,464057447221824;0,111801238763937;0,59970926744186;0,383341688911692;0,005494505494506;0,229226366742902
0,104566216894977;0,487200915200906;0;0,394568651627044;0,068322979244628;0,578488372093023;0,588309117208778;0,074175824175824;0,306341106424346
0,252511429223744;0;0,501749120387333;0,30031942412906;0,32298135642915;0,589534848837209;0,777220287639957;0,151098901098901;0,524106179746012
0,22054795890411;0,368391753506818;0;0,560702864873072;0;0,515697744186047;0,580782774557919;0,016483516483517;0,153357422532887
1;0;0;0,408945672738315;0;0,941860465116279;0,047666836788771;0,035714285714286;0,715460314325659
0,397260273972603;0,322760161203564;0,449775098957268;0,464856217209015;0,279503096909842;0,200581395348837;0,436527873749797;0,074175824175824;0,522611187806433
0,251141552511415;0,39315527367538;0;0,652555902217793;0;0,501162860465116;0,391369817844645;0,074175824175824;0,382085471087217
0,445662127853881;0;0,587206379194211;0,423322693849585;0,295031046738166;0,644767406976744;0,400150550937314;0,005494505494506;0,243926753305762
0,292237442922374;0;0,591204395066335;0,588658137108422;0,142857138420586;0,663953558139535;0,412945273233032;0,005494505494506;0,095926251300019
0,292237442922374;0;0,591204395066335;0,588658137108422;0,142857138420586;0,663953558139535;0,412945273233032;0,074175824175824;0,275943696921482
0,141552511415525;0;0,999500219905041;0,472843437847686;0,403726695536438;0,13953488372093;0,632212782672119;0,074175824175824;0,158963502154317
0,399771703196347;0;0,486756617088757;0,309904184742113;0,366459615948459;0,502616348837209;0,706472636616516;0,005494505494506;0,259250025146382
0,251369876712329;0;0,607696123707263;0,467252407362278;0,1770186280429;0,745930162790698;0,464877067629327;0,035714285714286;0,231593378138617
0,474885844748858;0;0;0,560702864873072;0;0,613372093023256;0,592072288534207;0,005494505494506;0,118599728880023
0,737442922374429;0,295770742277753;0;0,236421659019688;0,577639733613673;0,392441860465116;0,526091381400384;0,005494505494506;0,423196709186414
0,132876705479452;0,523094054364397;0,731634130985483;0,65015971206453;0,350931666120135;0,080523290697675;0,290265978340149;0,074175824175824;0,410863358935178
0,231735159817352;0,849471321916605;0;0,652555902217793;0;0,472093093023256;0,090316111810303;0,016483516483517;0,214401413090854
0,67351598173516;0,047857543926392;0,789605173724982;0,361022348906286;0,645962681802401;0,482558139534884;0,097842454461161;0,074175824175824;0,664258170281753
0,160730579908676;0,037840846485935;0,861569159573139;0,2795527223535;0,127329188592261;0,596802290697674;0,658304164072504;0,271978021978022;0,440388699150086
0,785388127853881;0,066777964386944;0,394802586862491;0,321086245712929;0,319875766463486;0,482558139534884;0,296036144267104;0,074175824175824;0,636103155253598
0,395205493150685;0;0,606696643477362;0,301118194116251;0,307453406600826;0,734302255813953;0,460361292144182;0,005494505494506;0,267472275257812
0,255022824200913;0;0,87306342709455;0,263578281076157;0,316770176497821;0,734011627906977;0,457601693382942;0,005494505494506;0,189859229845751
0,148401826484018;0,209794110347147;0,834582683620709;0,337060686990272;0,245341607287528;0,59970926744186;0,441796253394656;0,035714285714286;0,380839700531698
0,254566210045662;0;0,870564676544787;0,261980860910085;0,363354025982794;0,730523398255814;0,455343730376943;0,005494505494506;0,187367651360848
0,654337913242009;0,270172508684015;0;0,288338593171052;0,375776385845454;0,148546441860465;0,832162649201966;0,005494505494506;0,321041492987205
0,24817350913242;0,879521455974203;0;0,51038335088778;0;0,511627906976744;0,23908678810357;0,074175824175824;0,442008245720898
0,474885844748858;0,397885371138877;0;0,369009569544958;0,310558996566491;0,328488372093023;0,526843985560099;0,074175824175824;0,535318301615007
0,399771703196347;0;0,486756617088757;0,309904184742113;0,366459615948459;0,502616348837209;0,706472636616516;0,271978021978022;0,664133553360746
0,474657520547945;0,397328896449564;0,555722107274699;0,367412149378885;0,686335382411945;0,328197744186047;0,143502296648407;0,074175824175824;0,447116007153756
0,945205479452055;0;0;0,321086245712929;0,254658377184522;0;0,52182642379286;0,074175824175824;0,486358539587854
0,521689497716895;0,471897631695564;0;0,583865756801895;0,251552787218858;0,029069767441861;0,522579027952576;0,074175824175824;0,676342348980749
0,163926947488585;0,259877583637355;0,799100395829074;0,403354642252907;0,301242226669496;0,599418639534884;0,382839902629598;0,271978021978022;0,605581166203592
0,341095876712329;0;0,591204395066335;0,532747592637722;0,180124218008565;0,661046581395349;0,410687460753886;0,035714285714286;0,343839550114353
0,192237436073059;0,345297718619327;0;0,51038335088778;0;0,820930302325582;0,427245354375034;0,016483516483517;0,070636603230014
0,117808232876712;0,401224261010978;0,561219388469184;0,785143812743063;0,313664586532156;0,355232593023256;0,160311158674029;0,074175824175824;0,176529218301463
0,310730607305936;0;0,470264843470319;0,518370571526451;0,217391297596544;0,432848906976744;0,634721563555739;0,005494505494506;0,219260002971471
0,526255707762557;0,396494163547482;0;0,848242807865243;0;0,380813953488372;0;0,739010989010989;0,472654801860092
0,547945205479452;0,105731776945995;0;0,848242807865243;0;0,380813953488372;0,190667347155084;1;0,67036253071789
0,522831050228311;0;0;0,560702864873072;0;0,651162790697674;0,569493260581631;0,326923076923077;0,461567234622331
0,24817350913242;0,879521455974203;0;0,51038335088778;0;0,511627906976744;0,23908678810357;0,016483516483517;0,242805537381476
0,149315054794521;0,361435715549845;0,642678671383948;0,428913724334993;0,242236017321863;0,596802290697674;0,382839902629598;0,151098901098901;0,615298395796646
0,40000002739726;0,272120213224044;0,122438776938368;0,310702834920994;0,34782607615447;0,757848694767442;0,47290519656228;0,035714285714286;0,565341972476441
0,657305922374429;0,525876469547186;0;0,192491945506995;0,68322979244628;0,417732593023256;0,405920716864268;0,151098901098901;0,960134594746097
0,205479452054794;0,801335572643332;0;0,560702864873072;0;0,374418569767442;0,306322085679202;0,005494505494506;0,130310206311454
0,474885844748858;0;0;0,560702864873072;0;0,613372093023256;0,592072288534207;0,074175824175824;0,317677845214348
0,231735159817352;0,377573731957269;0;0,51038335088778;0;0,79999985755814;0,414701449956936;0,016483516483517;0,119970103898595
0,5;0;0,639680140739226;0,480830658486358;0,34161489622314;0,200581395348837;0,466633244353231;0,074175824175824;0,435156333254175
0,447945232876712;0;0,534732617649197;0,702076646215894;0,344720486188805;0,228488302325581;0,376818918825023;0,074175824175824;0,36813254934926
0,202511408675799;0;0,626686647875463;0,32188501570012;0,242236017321863;0,840116279069767;0,526843985560099;0,271978021978022;0,476392188274379
0,664383561643836;0;0;0,560702864873072;0;0,40581388372093;0,480682357090759;0,074175824175824;0,46430794728561
0,16324200913242;0,139398995092916;0,867066440767623;0,343450487462871;0,201863347768219;0,596511662790698;0,500501786282095;0,074175824175824;0,44686684805947
0,4059360456621;0,358653300367056;0,501749120387333;0,404153292431788;0,295031046738166;0,070058069767442;0,529101948566098;0,074175824175824;0,629126737987461
0,251141552511415;0;0,623688152213249;0,297124583796915;0,242236017321863;0,826744255813954;0,515554471583812;0,074175824175824;0,450604222015802
0,26689496347032;0;0,620189876456076;0,293130973477579;0,350931666120135;0,807267299418605;0,504014139729903;0,035714285714286;0,29550267336496
0,116438356164384;0,664997228686654;0;0,624600629982443;0,186335397939894;0,584302325581395;0,225790279525757;0,074175824175824;0,305593641599443
0,563926940639269;0;0;0,560702864873072;0;0,741279069767442;0,539387889978197;0,005494505494506;0,168680706831461
0,594977182648402;0,525876469547186;0;0,344249137641752;0,360248436017129;0,417732593023256;0,405920716864268;0,151098901098901;0,933972902304046
0,563926940639269;0;0;0,560702864873072;0;0,715116279069768;0,531861547327339;0,016483516483517;0,196835672027798
0,522831050228311;0;0;0,560702864873072;0;0,651162790697674;0,569493260581631;0,074175824175824;0,366388448147214
0,492922360730594;0;0,632183889089938;0,702076646215894;0,1770186280429;0,17296511627907;0,357752093793402;0,074175824175824;0,470038643828046
0,474885844748858;0;0;0,560702864873072;0;0,491279069767442;0,642247906206598;0,244505494505494;0,403014835007222
0,08675799086758;0,370061219310983;0,514742613251096;0,624600629982443;0,217391297596544;0,334302325581395;0,398896160495504;0,074175824175824;0,424940822846414
0,143835616438356;0;0,717641187876826;0,3354632668242;0;0,594767372093023;0,769944913393572;0,035714285714286;0,181263228634938
0,257762543378995;0,149693934051652;0,609195394027125;0,269968081548756;0,298136636703831;0,620058104651163;0,468138452672661;0,035714285714286;0,451849992571322
0,5662100456621;0;0;0,648562291898458;0;0,502906976744186;0,454089339935133;0,491758241758242;0,378597256225171
0,202511408675799;0;0,626686647875463;0,32188501570012;0,242236017321863;0,840116279069767;0,526843985560099;0,151098901098901;0,411237085118652
0,447716908675799;0;0,534732617649197;0,515974381373188;0,189440987905559;0,226744186046512;0,554942361562009;0,074175824175824;0,502180142075
0,429680392694064;0,538397337869739;0;0,51038335088778;0;0,573255848837209;0,276718501357863;0,016483516483517;0,243303868028002
0,374429223744292;0,317195330837985;0;0,848242807865243;0;0,380813953488372;0,190667347155084;0,491758241758242;0,577675372559496
0,851598173515982;0;0;0,848242807865243;0;0,380813953488372;0;0,244505494505494;0,497072393100097
0,182648401826484;0,125765169044494;0,609695134142075;0,386581430988373;0,254658377184522;0,751162860465116;0,468389421077135;0,151098901098901;0,512893995587243
0,160730579908676;0,037840846485935;0,861569159573139;0,2795527223535;0,127329188592261;0,596802290697674;0,658304164072504;0,151098901098901;0,417590617107029
0,26689496347032;0;0,620189876456076;0,293130973477579;0,350931666120135;0,807267299418605;0,504014139729903;0,151098901098901;0,435280937717228
0,265296796803653;0,151919863415468;0,618690651113724;0,151757192134757;0,369565205914124;0,798546369186047;0,49849479168057;0,151098901098901;0,74324160317034
0,1463470456621;0;0,816091944544969;0,436900944973665;0,139751548454921;0,748837139534884;0,466884062230852;0,035714285714286;0,28840165163577
0,105022831050228;0;0,909545200113587;0,472843437847686;0,465838494849736;0,11046511627907;0,727546456249661;0,074175824175824;0,164320422681461
0,399543378995434;0;0;0,5527156442344;0;0,48546511627907;0,657300591508315;0,035714285714286;0,235829082741475
0,623287671232877;0;0;0,512779541041043;0;0,688953488372093;0,411440064913602;0,074175824175824;0,446991402690704
0,305936073059361;0;0;0,576677306150415;0;0,48546511627907;0,730055237133281;0,074175824175824;0,200448491352896
1;0;0;0,408945672738315;0;0,941860465116279;0,047666836788771;0,016483516483517;0,626385975492363
0,342694077625571;0,270172508684015;0,377811073129103;0,575079885984342;0,257763967150187;0,100290697674419;0,57049683314582;0,074175824175824;0,387068677888842
0,502283105022831;0;0;0,648562291898458;0;0,502906976744186;0,516808862025621;0,491758241758242;0,339603845511495
0,577625570776256;0,052865888472998;0,484757606653945;0,185303494855515;0,381987565776784;0,482558139534884;0,694932304762607;0,074175824175824;0,661766566880941
0,330593614155251;0;0,625187377555601;0,171725243731436;0,372670795879789;0,830814095930232;0,51906682503162;0,035714285714286;0,496947826010909
0,474885844748858;0;0;0,560702864873072;0;0,613372093023256;0,592072288534207;0,016483516483517;0,185748104790036
0,461187214611872;0,21146355389199;0;0,848242807865243;0;0,380813953488372;0,190667347155084;0,491758241758242;0,605705770666644
0,349315068493151;0,275459103096145;0,384807584663441;0,536741202957058;0,186335397939894;0,343023255813953;0,388861036961026;0,074175824175824;0,392051822400693
0,512557077625571;0;0,689155371639519;0,616613409343772;0,33540371629181;0,000290627906977;0,497993005398475;0,074175824175824;0,452223768586614
0,29155250456621;0;0,590704614971376;0,586261946955158;0,189440987905559;0,660174348837209;0,410436492349412;0,271978021978022;0,480005007599477
0,408675799086758;0;0;0,504792320402372;0;0,880813953488372;0,451580559051514;0,074175824175824;0,250529481762289
0,46027398630137;0,389259867377738;0;0,732428108604507;0,192546577871224;0,274709302325581;0,322378343545108;0,074175824175824;0,387317787151309
0,125570776255708;0,656649983138286;0;0,560702864873072;0;0,390697744186047;0,469643811518945;0,244505494505494;0,511399053479483
0,506164410958904;0,786866980303845;0;0,495207679597628;0,319875766463486;0,411918639534884;0,165328720441268;0,151098901098901;0,970100896227754
0,150684931506849;0,117139673630601;0,818590695094732;0;0,1770186280429;0,749127764534884;0,466884062230852;0,035714285714286;0,192973718524323
0,474885844748858;0;0;0,560702864873072;0;0,613372093023256;0,592072288534207;0,326923076923077;0,453095825416615
0,888127853881278;0,072342794752523;0,6146926352416;0,704472836369157;0,121118008660931;0,23546511627907;0,26342199278005;0,151098901098901;0,713342486940139
0,343607305936073;0;0;0,51038335088778;0;0,902906906976744;0,477420972047424;0,074175824175824;0,217266730217185
0,445205479452055;0;0;0,512779541041043;0;0,694767441860465;0,351229323706733;0,016483516483517;0,356671231012115
0,077625570776256;0,545353375826712;0,48975510775347;0,616613409343772;0,186335397939894;0,133720930232558;0,47415958700409;0,074175824175824;0,306963991702105
0,908675799086758;0;0;0,624600629982443;0;0,941860465116279;0,047666836788771;0,739010989010989;0,658153747555843
0,888127853881278;0,072342794752523;0,6146926352416;0,632587850621115;0,121118008660931;0,061046511627907;0,26342199278005;0,151098901098901;0,741622056599528
0,342465753424657;0;0;0,504792320402372;0;0,901162790697674;0,476668367887709;0,074175824175824;0,216270106297997
0,122374442922374;0,677518097009206;0;0,467252407362278;0,332298126326145;0,642441860465116;0,260160607736715;0,074175824175824;0,436402166099468
0,447488584474886;0;0,534732617649197;0,704472836369157;0,34161489622314;0,229651162790698;0,376317132542928;0,074175824175824;0,368007994718026
0,162100456621005;0,322760161203564;0;0,560702864873072;0;0,423837174418605;0,65930758610984;0,074175824175824;0,273452118436579
0,252283105022831;0;0,501749120387333;0,299520773950178;0,270186327012847;0,601162755813953;0,776718501357863;0,151098901098901;0,501058926150714
0,482420063926941;0;0,564717624246348;0,452875386251008;0,248447197253193;0,584011697674419;0,237581579784139;0,074175824175824;0,429425686543558
0,64041095890411;0;0;0,51038335088778;0;0,717442002906977;0,364525832284546;0,016483516483517;0,270835935488624
0,211643828767123;0;0,502248860502283;0,34984028793547;0,232919247424868;0,597093093023256;0,78248881781167;0,074175824175824;0,291391548309245
0,502739753424658;0;0,577711117110111;0,592651747427758;0,32298135642915;0,049127976744186;0,550426586076864;0,074175824175824;0,359411993507213
0,308219178082192;0,25598219681662;0,354822578066289;1;0,186335397939894;0,151162790697674;0,253386869245572;0,074175824175824;0,327644196527823
0,296347038812785;0;0,607696123707263;0,416932893376986;0,208074527699549;0,742441930232558;0,462870073027802;0,005494505494506;0,163323786304318
0,691780821917808;0;0;0,424920114015658;0;0,927325581395349;0,253386869245572;0,074175824175824;0,622523984615024
0,34703196347032;0;0;0,6086261887051;0;0,48546511627907;0,674862057693651;1;0,342095448912307
0,116666680365297;0,403450201504455;0,564717624246348;0,452875386251008;0,248447197253193;0,584011697674419;0,237581579784139;0,074175824175824;0,289398275554959
0,136986301369863;0,59543684911692;0,819590180322133;0,640575071259786;0,310558996566491;0,055232558139535;0,215755155991279;0,074175824175824;0,35280927750864
0,17351598173516;0,361157499073303;0,592703620408687;0,464057447221824;0,111801238763937;0,59970926744186;0,383341688911692;0,151098901098901;0,57630498508297
0,785388127853881;0,066777964386944;0,394802586862491;0,321086245712929;0,360248436017129;0,482558139534884;0,296036144267104;0,074175824175824;0,60657781503869
0,252511429223744;0;0,501749120387333;0,30031942412906;0,32298135642915;0,589534848837209;0,777220287639957;0,074175824175824;0,436900496745995
0,474885844748858;0;0;0,560702864873072;0;0,613372093023256;0,592072288534207;0,244505494505494;0,416469401182743
0,310958897260274;0,441847539374194;0;0,51038335088778;0;0,696511558139535;0,351981927866448;0,074175824175824;0,306216526877203
0,621004566210046;0,526432944236499;0;0,385782780809492;0,313664586532156;0,363662720930232;0,408178679870267;0,074175824175824;0,732029419011572
0,148401826484018;0,209794110347147;0,834582683620709;0,337060686990272;0,245341607287528;0,59970926744186;0,441796253394656;0,151098901098901;0,636975212083598
0,484018264840183;0,404284934406538;0,56571710947375;0,456070226583152;0,248447197253193;0,197965046511628;0,241344751109569;0,074175824175824;0,54690421195725
0,851598173515982;0;0;0,848242807865243;0;0,380813953488372;0;0,739010989010989;0,495826610086623
0,337899543378995;0;0,478260840232059;0,523961602011859;0,17080744811157;0,453197744186047;0,670346282208507;0,151098901098901;0,448486394630283
0,442237470319635;0;0,477761095119607;0,396964841780308;0,276397506944177;0,447965046511628;0,665328720441268;0,151098901098901;0,577924531653782
0,341095876712329;0;0,591204395066335;0,532747592637722;0,180124218008565;0,661046581395349;0,410687460753886;0,271978021978022;0,513890656880295
0,100228296803653;0,641346699632944;0;0,644568681579122;0,105590058832607;0,075581395348837;0,696939299364132;0,074175824175824;0,378597256225171
0,680365296803653;0;0;0,520766761679715;0;0,651162790697674;0,378825913426548;0,016483516483517;0,346455708146399
0,461187214611872;0,21146355389199;0;0,848242807865243;0;0,380813953488372;0,190667347155084;0,074175824175824;0,56658779286378
0,337899543378995;0;0,478260840232059;0,523961602011859;0,17080744811157;0,453197744186047;0,670346282208507;0,035714285714286;0,281425196995769
0,650684931506849;0,055648303655787;0,469765103355369;0,281150142519572;0,444099365090082;0,398255813953488;0,6297040017885;0,016483516483517;0,429924017190084
0,251369876712329;0;0,607696123707263;0,467252407362278;0,1770186280429;0,745930162790698;0,464877067629327;0,074175824175824;0,281176037901483
0,11324202283105;0;0,559220383031873;0,499999940095845;0,245341607287528;0,555232558139535;0,556698538285913;0,074175824175824;0,122710853935738
0,506164410958904;0,786866980303845;0;0,495207679597628;0,319875766463486;0,411918639534884;0,165328720441268;0,005494505494506;0,323533071472108
0,526255707762557;0,396494163547482;0;0,848242807865243;0;0,380813953488372;0;0,244505494505494;0,440887029796612
0,743150684931507;0,132164721182494;0;0,848242807865243;0;0,380813953488372;0;0,016483516483517;0,407998041808846
0,650684931506849;0,055648303655787;0,469765103355369;0,281150142519572;0,431677005227422;0,398255813953488;0,6297040017885;0,005494505494506;0,288775390277199
0,908675799086758;0;0;0,624600629982443;0;0,941860465116279;0,047666836788771;0,244505494505494;0,55923759958235
0,394977168949772;0,500834732902082;0,599700131943025;0,321086245712929;0,32298135642915;0,084302325581395;0,429001531098938;0,074175824175824;0,920767408017127
0,429680392694064;0,538397337869739;0;0,51038335088778;0;0,573255848837209;0,276718501357863;0,074175824175824;0,382583801733744
0,106164383561644;0,387868659786344;0,542728609413435;0,56629389535848;0,189440987905559;0,265697744186047;0,466633244353231;0,074175824175824;0,266226504702292
0,105022831050228;0,486922656988136;0;0,392971231460972;0,062111799313298;0,578488372093023;0,587054726766968;0,074175824175824;0,306341106424346
0;0,42570952296677;0;0,560702864873072;0;0,25;0,873055747499593;0,016483516483517;0,066650057721442
0,13013698630137;0,520311639181608;0;0,432907334654329;0,34161489622314;0,549418604651163;0,489212272305807;0,074175824175824;0,379095537039879
0,116438356164384;0,283806348644513;0;0,560702864873072;0;0,252906976744186;0,875815346260834;0,244505494505494;0,298866333595773
0,67351598173516;0;0;0,51038335088778;0;0,696511558139535;0,351981927866448;0,016483516483517;0,288027925452297
0,851598173515982;0,33055093206262;0;0,473642207834877;0,276397506944177;0,148546441860465;0,47039641567866;0,151098901098901;0,871683128732606
0,252283105022831;0;0,501749120387333;0,299520773950178;0,270186327012847;0,601162755813953;0,776718501357863;0,035714285714286;0,298741741590675
0,541095890410959;0;0;0,600638968066429;0;0,48546511627907;0,469142025236851;0,016483516483517;0,232216263416376
0,341095876712329;0;0,591204395066335;0,532747592637722;0,180124218008565;0,661046581395349;0,410687460753886;0,151098901098901;0,431543563760896
0,120547952054795;0;0,713643172004702;0,571086275665007;0,282608686875507;0,221511662790698;0,686653357952034;0,074175824175824;0,092313444432875
0,874429223744292;0;0;0,193290715494186;0;0,927325581395349;0,516808862025621;0,074175824175824;0,867821100481403
0,095890410958904;0,378408464859351;0,529735116549672;0,448881775931672;0,217391297596544;0,406976744186047;0,451580559051514;0,074175824175824;0,296623889289246
0,343607305936073;0;0;0,51038335088778;0;0,902906906976744;0,477420972047424;0,016483516483517;0,113990285635737
0,310730607305936;0;0,470264843470319;0,518370571526451;0,217391297596544;0,432848906976744;0,634721563555739;0,271978021978022;0,522860346900719
0,425570762557078;0,336672237117511;0;0,444089395625145;0,217391297596544;0,31075588372093;0,590817898092397;0,074175824175824;0,495951164717856
0,116438356164384;0,403450201504455;0,564717624246348;0,448881775931672;0,248447197253193;0,191860465116279;0,57701960323249;0,074175824175824;0,297745117671487
0,085844762557078;0,582637722581598;0;0,560702864873072;0;0,715116279069768;0,534119510333337;0,074175824175824;0,322785606647206
0,10958904109589;0,659432398321075;0;0,416932893376986;0,372670795879789;0,779069767441861;0,203211251573181;0,074175824175824;0,437274210471514
0,5;0,456316089977453;0;0,544728423595729;0,155279498283245;0,200581395348837;0,451580559051514;0,074175824175824;0,683692542262179
1;0;0;0,408945672738315;0;0,941860465116279;0,047666836788771;0,491758241758242;0,86321171952689
0,743150684931507;0,132164721182494;0;0,848242807865243;0;0,380813953488372;0;0,739010989010989;0,506789572861332
0,440639269406393;0;0;0,504792320402372;0;0,779069767441861;0,439036654633416;0,016483516483517;0,155350695287173
0,646118721461187;0;0;0,512779541041043;0;0,479651162790698;0,423983969331699;0,074175824175824;0,361529845808642
0,634703196347032;0;0;0,848242807865243;0;0,380813953488372;0,190667347155084;0,491758241758242;0,6324903359285
0,527397260273973;0;0;0,560702864873072;0;0,378488406976744;0,623682867457072;0,244505494505494;0,490220518007239
0,602739726027397;0,520311639181608;0;0,5527156442344;0,217391297596544;0,066860465116279;0,408931284029982;0,074175824175824;0,792076810566259
0,04703195890411;0,51168613542047;0;0,652555902217793;0;0,456976779069767;0,517059679903242;0,244505494505494;0,384452470024977
0,5662100456621;0;0;0,648562291898458;0;0,502906976744186;0,454089339935133;0,035714285714286;0,251650697686575
0,310730607305936;0;0;0,51038335088778;0;0,923837351744186;0,489964876465522;0,016483516483517;0,099788217261448
0,538584461187215;0,525876469547186;0;0,424121344028467;0,295031046738166;0,417732593023256;0,405920716864268;0,005494505494506;0,271209674130053
0,360502269406393;0,279910961823778;0,391804096197778;0,389776391128827;0,32298135642915;0,391569802325581;0,423733151454078;0,074175824175824;0,59100537164583
0,132420091324201;0,695603795697337;0;0,369009569544958;0,372670795879789;0,72093023255814;0,235825403060235;0,074175824175824;0,462439291452331
0,330593614155251;0;0,625187377555601;0,171725243731436;0,372670795879789;0,830814095930232;0,51906682503162;0,151098901098901;0,72243679388157
0,637899529680365;0;0;0,51038335088778;0;0,882558069767442;0,477420972047424;0,016483516483517;0,152111627061458
0,482420063926941;0,403450201504455;0;0,452875386251008;0,248447197253193;0,192441895348837;0,57701960323249;0,074175824175824;0,480877051971522
0,634703196347032;0;0;0,848242807865243;0;0,380813953488372;0,190667347155084;1;0,625264747110122
0,280821917808219;0;0;0,472843437847686;0;0,906976744186046;0,599598631185066;0,074175824175824;0,186993900261465
0,863013698630137;0;0;0,560702864873072;0;0,392441860465116;0,318615172219679;0,005494505494506;0,274822468539242
0,014383568493151;0,451864208990499;0;0,652555902217793;0;0,398837244186047;0,639739125322978;0,016483516483517;0,067148375910013
0,395205493150685;0;0,606696643477362;0,301118194116251;0,307453406600826;0,734302255813953;0,460361292144182;0,035714285714286;0,45396786978866
0,121004566210046;0,50918197845045;0;0,568690085511743;0,279503096909842;0,22093023255814;0,687405962111749;0,074175824175824;0,267347720626578
0,737442922374429;0,295770742277753;0;0,253194870284222;0,51242234433471;0,148546441860465;0,73532361677814;0,005494505494506;0,387068677888842
0,737442922374429;0,295770742277753;0;0,253194870284222;0,51242234433471;0,148546441860465;0,73532361677814;0,074175824175824;0,722063067698096
0,17351598173516;0,361157499073303;0,592703620408687;0,464057447221824;0,111801238763937;0,59970926744186;0,383341688911692;0,271978021978022;0,593746146598882
0,650684931506849;0,055648303655787;0,469765103355369;0,281150142519572;0,444099365090082;0,398255813953488;0,6297040017885;0,151098901098901;0,672854134118703
0,274885831050228;0;0,483258341331584;0,539137393110321;0,139751548454921;0,48284876744186;0,693176128038703;0,074175824175824;0,281051445896386
0,594977182648402;0,525876469547186;0;0,344249137641752;0,360248436017129;0,417732593023256;0,405920716864268;0,005494505494506;0,410738754472125
0,031963470319635;0,481357826622557;0;0,560702864873072;0;0,316279034883721;0,747365885440997;0,244505494505494;0,357418720752927
0,070776255707763;0,584307188385763;0;0,592651747427758;0,093167698969947;0,430232558139535;0,504264957607524;0,074175824175824;0,357543312758024
0,337899543378995;0;0,478260840232059;0,559105444707;0,16459626818024;0,429941930232558;0,660311158674029;0,035714285714286;0,278186128770054
0,58675799086758;0,052865888472998;0,704647655033054;0,257188480603558;0,338509306257475;0,409883720930233;0,519317642909241;0,005494505494506;0,265479002503526
0,58675799086758;0,052865888472998;0,704647655033054;0,257188480603558;0,338509306257475;0,409883720930233;0,519317642909241;0,016483516483517;0,451974609492329
0,211643828767123;0;0,502248860502283;0,34984028793547;0,232919247424868;0,597093093023256;0,78248881781167;0,035714285714286;0,282297253825769
0,506164410958904;0,786866980303845;0;0,495207679597628;0,319875766463486;0,411918639534884;0,165328720441268;0,016483516483517;0,591379097829304
0,851598173515982;0;0;0,848242807865243;0;0,380813953488372;0;0,074175824175824;0,460446018698045
0,211643828767123;0;0,502248860502283;0,386581430988373;0,232919247424868;0,572674418604651;0,772202725872718;0,151098901098901;0,511523608110717
0,851598173515982;0,33055093206262;0;0,473642207834877;0,276397506944177;0,148546441860465;0,47039641567866;0,074175824175824;0,821851309875453
0,837899543378995;0,326099051075666;0;0,127795530218743;1;0,148546441860465;0,618414487812212;0,074175824175824;0,804410160817495
0,422374429223744;0,336672237117511;0,469765103355369;0,528753982318386;0,279503096909842;0,299418604651163;0,255895650129191;0,074175824175824;0,493459573774999
0,211643828767123;0;0,502248860502283;0,34984028793547;0,232919247424868;0,597093093023256;0,78248881781167;0,005494505494506;0,126074501708596
0,639269406392694;0;0;0,512779541041043;0;0,715116279069768;0,363773228124831;0,074175824175824;0,437149606008462
0,305936073059361;0;0;0,568690085511743;0;0,48546511627907;0,730055237133281;1;0,283418469750055
0,251369876712329;0;0,607696123707263;0,467252407362278;0,1770186280429;0,745930162790698;0,464877067629327;0,271978021978022;0,464432564206617
0,503424657534247;0,413466912856988;0;0,511182120874971;0,263975147081517;0,436046511627907;0,289764192058055;0,074175824175824;0,624143531185836
0,142009125570776;0;1;0,474440858013759;0,391304335673778;0,140406941860465;0,632212782672119;0,074175824175824;0,158963502154317
0,132420091324201;0,356149143397036;0,609695134142075;0,480830658486358;0,198757757802554;0,066860465116279;0,715002551831564;0,074175824175824;0,461816406174571
0,527397260273973;0,048692265698814;0,814592679222608;0,361022348906286;0,555900603854018;0,566860465116279;0,145509291249932;0,074175824175824;0,559985051949297
0,58675799086758;0,052865888472998;0,704647655033054;0,257188480603558;0,338509306257475;0,409883720930233;0,519317642909241;0,016483516483517;0,41634484655151
0,182648401826484;0,125765169044494;0,609695134142075;0,386581430988373;0,254658377184522;0,751162860465116;0,468389421077135;0,074175824175824;0,360533209431499
0,415525114155251;0,333889821934722;0;0,369009569544958;0,217391297596544;0,491279069767442;0,501756176723904;0,074175824175824;0,480877051971522
0,300913248858447;0;0,472763594020082;0,607827418717909;0,142857138420586;0,424418604651163;0,647767254255931;0,005494505494506;0,10028653545002
0,305936073059361;0,436839183697927;0;0,560702864873072;0;0,498837139534884;0,389111854838647;0,016483516483517;0,225364400781473
0,205479452054794;0,801335572643332;0;0,560702864873072;0;0,374418569767442;0,306322085679202;0,016483516483517;0,238569832778618
0,769406392694064;0,492487487353714;0;0,512779541041043;0,344720486188805;0,243895418604651;0,285750202855005;0,005494505494506;0,460570573329278
0,231735159817352;0,849471321916605;0;0,652555902217793;0;0,472093093023256;0,090316111810303;0,244505494505494;0,617042509456647
0,594977182648402;0,525876469547186;0;0,344249137641752;0,360248436017129;0,417732593023256;0,405920716864268;0,005494505494506;0,410738754472125
0,265296796803653;0,151919863415468;0,618690651113724;0,151757192134757;0,369565205914124;0,798546369186047;0,49849479168057;0,074175824175824;0,662514006789934
0,120547952054795;0,510294927829075;0;0,571086275665007;0,282608686875507;0,716279139534884;0,257651826853095;0,074175824175824;0,198828969697994
0,851598173515982;0;0;0,848242807865243;0;0,380813953488372;0;0,016483516483517;0,451849992571322
0,5662100456621;0;0;0,512779541041043;0;0,723837209302326;0,441545435517036;0,016483516483517;0,223620299579427
0,292237442922374;0;0,591204395066335;0,588658137108422;0,142857138420586;0,663953558139535;0,412945273233032;0,035714285714286;0,221128696178615
0,684474858447489;0,263494709462906;0;0,204472776465003;0,354037256085799;0,423837174418605;0,647516285851457;0,074175824175824;0,824342863444447
0,374429223744292;0,317195330837985;0;0,848242807865243;0;0,380813953488372;0,190667347155084;1;0,630123349448694
0,399543378995434;0,325542576386354;0,454772600056794;0,5527156442344;0,217391297596544;0,421511627906977;0,180632223620606;0,074175824175824;0,513766052417243
0,342009139269406;0;0,49925036983757;0,194089485481377;0,385093155742449;0,59593023255814;0,767185164105479;0,005494505494506;0,232839173610045
0,1463470456621;0;0,816091944544969;0,436900944973665;0,139751548454921;0,748837139534884;0,466884062230852;0,074175824175824;0,23931732251943
0,563926940639269;0;0;0,560702864873072;0;0,741279069767442;0,539387889978197;0,074175824175824;0,389684835920888
0,980136958904109;0;0;0,159744412773428;0,875776401373404;0,148546441860465;0,751881660926141;0,005494505494506;0,485486482757854
0,447716908675799;0;0,537231368198959;0,333865846658127;0,397515515605108;0,442441895348837;0,476668367887709;0,074175824175824;0,41783978865927
0,10958904109589;0,658875923631763;0;0,415335473210914;0,369565205914124;0,779942002906977;0,202709465291087;0,074175824175824;0,437274210471514
0,255022824200913;0;0,87306342709455;0,263578281076157;0,316770176497821;0,734011627906977;0,457601693382942;0,151098901098901;0,552011960932153
0,095890410958904;0,473010581074189;0,664667646236852;0,560702864873072;0,248447197253193;0,037790697674419;0,529352766443719;0,074175824175824;0,34309208528945
0,350456621004566;0,473845313976271;0;0,51038335088778;0;0,65581388372093;0,326894119030253;0,016483516483517;0,185748104790036
0,280821917808219;0;0;0,472843437847686;0;0,906976744186046;0,599598631185066;0,016483516483517;0,110128319674307
0,211643828767123;0;0,502248860502283;0,386581430988373;0,232919247424868;0,572674418604651;0,772202725872718;0,271978021978022;0,522611187806433
0,254566210045662;0;0,870564676544787;0,298722003962987;0,363354025982794;0,705232488372093;0,446312179406654;0,271978021978022;0,630746234726454
0,623287671232877;0,260990552492886;0;0,03833861912952;0,726708051965588;0,148546441860465;1;0,247252747252747;0,749595135158718
0,737442922374429;0,295770742277753;0;0,253194870284222;0,51242234433471;0,148546441860465;0,73532361677814;0,247252747252747;0,783231575513431
0,251141552511415;0,39315527367538;0;0,652555902217793;0;0,501162860465116;0,391369817844645;0,005494505494506;0,055811637120011
0,547945205479452;0,105731776945995;0;0,848242807865243;0;0,380813953488372;0,190667347155084;0,244505494505494;0,599601347940734
0,228310502283105;0,030606567010683;0,704647655033054;0,672523953814472;0,052795029416304;0,409883720930233;0,519317642909241;0,005494505494506;0,093683819451447
0,201598180365297;0;0,625687122668052;0,320287475725738;0,307453406600826;0,834592953488372;0,523331632112291;0,151098901098901;0,451351711756614
0,452054794520548;0;0;0,4968050997637;0;0,796511627906977;0,504264957607524;0,074175824175824;0,305469049594345
0,474885844748858;0;0;0,560702864873072;0;0,494186046511628;0,643753114526028;0,005494505494506;0,093932978545733
0,451598146118721;0;0,598700646715623;0,716453667327165;0,307453406600826;0,224418639534884;0,335173065840827;0,074175824175824;0,267970605904338
0,737442922374429;0,295770742277753;0;0,253194870284222;0,51242234433471;0,148546441860465;0,73532361677814;0,005494505494506;0,387068677888842
0,094977182648402;0;0,874062912321952;0,292332203490388;0,555900603854018;0,411918639534884;0,62844961134669;0,074175824175824;0,163074627210032
0,031963470319635;0,481357826622557;0;0,560702864873072;0;0,316279034883721;0,747365885440997;0,005494505494506;0,049208921121438
0,182648401826484;0,125765169044494;0,609695134142075;0,386581430988373;0,254658377184522;0,751162860465116;0,468389421077135;0,005494505494506;0,062165194024298
0,654337913242009;0,270172508684015;0;0,288338593171052;0,375776385845454;0,148546441860465;0,832162649201966;0,151098901098901;0,658652078202369
0,337899543378995;0;0,478260840232059;0,559105444707;0,16459626818024;0,429941930232558;0,660311158674029;0,074175824175824;0,310078480380677
0,116438356164384;0,403450201504455;0,564717624246348;0,448881775931672;0,248447197253193;0,584302325581395;0,238334183943855;0,074175824175824;0,289398275554959
0,442237470319635;0;0,477761095119607;0,396964841780308;0,276397506944177;0,447965046511628;0,665328720441268;0,035714285714286;0,40986671010008
0,908675799086758;0;0;0,624600629982443;0;0,941860465116279;0,047666836788771;0,016483516483517;0,384701629119263
0,461187214611872;0,21146355389199;0;0,848242807865243;0;0,380813953488372;0,190667347155084;1;0,659399518111362
0,116438356164384;0,283806348644513;0;0,560702864873072;0;0,252906976744186;0,875815346260834;0,074175824175824;0,194717819726369
0,228310502283105;0,030606567010683;0,704647655033054;0,672523953814472;0,052795029416304;0,409883720930233;0,519317642909241;0,074175824175824;0,244674218130664
0,102739726027397;0,319977746020775;0,444777597857743;0,640575071259786;0,279503096909842;0,171511627906977;0,589563507650588;0,074175824175824;0,220007480254329
0,594977182648402;0,525876469547186;0;0,344249137641752;0,360248436017129;0,417732593023256;0,405920716864268;0,247252747252747;0,958888811732623
0,494977141552511;0,591263226342736;0;0,270766731727637;0,444099365090082;0,148546441860465;0,718514905279372;0,151098901098901;0,794443747214246
0,338356157534247;0,464106860836509;0;0,652555902217793;0;0,513372023255814;0,251128906239573;0,074175824175824;0,431418959297844
0,737442922374429;0,295770742277753;0;0,253194870284222;0,51242234433471;0,148546441860465;0,73532361677814;0,016483516483517;0,58390434991664
0,34703196347032;0;0;0,6086261887051;0;0,48546511627907;0,674862057693651;0,244505494505494;0,306590277976586
0,737442922374429;0,295770742277753;0;0,236421659019688;0,577639733613673;0,392441860465116;0,526091381400384;0,151098901098901;0,779494251388919
0,26689496347032;0;0,620189876456076;0,293130973477579;0,350931666120135;0,807267299418605;0,504014139729903;0,005494505494506;0,162077990832889
0,494977141552511;0,591263226342736;0;0,270766731727637;0,444099365090082;0,148546441860465;0,718514905279372;0,016483516483517;0,387068677888842
0,186986287671233;0,341124095845143;0;0,652555902217793;0;0,459883755813954;0,516808862025621;0,005494505494506;0,032016943615721
0,481735159817352;0,447968844429085;0;0,448881775931672;0,310558996566491;0,337209302325581;0,413948845797221;0,074175824175824;0,624268098275024
0,148401826484018;0,209794110347147;0,834582683620709;0,337060686990272;0,245341607287528;0,59970926744186;0,441796253394656;0,271978021978022;0,678709385292373
0,594977182648402;0,525876469547186;0;0,344249137641752;0,360248436017129;0,417732593023256;0,405920716864268;0,247252747252747;0,958888811732623
0,464155223744292;0,566221489697632;0;0,652555902217793;0;0,477907046511628;0,092824892693922;0,244505494505494;0,651177267999932
0,04703195890411;0,51168613542047;0;0,652555902217793;0;0,456976779069767;0,517059679903242;0,016483516483517;0,099912796808591
0,201598180365297;0;0,625687122668052;0,357827508574142;0,307453406600826;0,808139534883721;0,514049263264381;0,271978021978022;0,389061938185173
0,252283105022831;0;0,501749120387333;0,299520773950178;0,270186327012847;0,601162755813953;0,776718501357863;0,074175824175824;0,365142640217831
0,143835616438356;0,357540350988431;0,660169925232286;0,425718884002849;0,251552787218858;0,595348802325581;0,382839902629598;0,271978021978022;0,656409633895842
0,474885844748858;0;0;0,560702864873072;0;0,491279069767442;0,642247906206598;0,074175824175824;0,318799061138634
0,406392694063927;0,358931558579826;0,49975010995252;0,400958452099643;0,279503096909842;0,069767441860465;0,529352766443719;0,074175824175824;0,629002133524408
0,594977182648402;0,525876469547186;0;0,344249137641752;0,360248436017129;0,417732593023256;0,405920716864268;0,074175824175824;0,859225174018317
0,307990853881278;0,255147463914537;0,357321328616052;0,999201230012809;0,186335397939894;0,150872162790698;0,254390441809761;0,074175824175824;0,327644196527823
0,152739712328767;0,117417923496126;0,621189401663486;0,291533553311507;0,33540371629181;0,813372235465116;0,507275524773238;0,035714285714286;0,263859480848623
0,447031936073059;0,381747354731453;0,534232877534247;0,634984040774378;0,186335397939894;0,225000069767442;0,153788238060506;0,074175824175824;0,63772270182441
0,594977182648402;0,525876469547186;0;0,344249137641752;0,360248436017129;0,417732593023256;0,405920716864268;0,074175824175824;0,859225174018317
0,305936073059361;0,436839183697927;0;0,560702864873072;0;0,498837139534884;0,389111854838647;0,244505494505494;0,566214029306441
0,621004566210046;0,526432944236499;0;0,385782780809492;0,313664586532156;0,363662720930232;0,408178679870267;0,016483516483517;0,546530485773776
0,338356157534247;0,464106860836509;0;0,652555902217793;0;0,513372023255814;0,251128906239573;0,244505494505494;0,565341972476441
0,510502296803653;0,462993869721656;0;0,416932893376986;0,276397506944177;0,234302255813953;0,491721053189426;0,074175824175824;0,733898137134624
0,149315054794521;0,361435715549845;0,642678671383948;0,428913724334993;0,242236017321863;0,596802290697674;0,382839902629598;0,035714285714286;0,36726049251926
0,223744292237443;0,370061219310983;0;0,560702864873072;0;0,477907046511628;0,532363333609433;0,074175824175824;0,350193119476594
0,468036529680365;0;0;0,568690085511743;0;0,48546511627907;0,546914232629056;1;0,421328053353134
0,150684931506849;0,117139673630601;0,818590695094732;0;0,1770186280429;0,749127764534884;0,466884062230852;0,271978021978022;0,459698528957233
0,526255707762557;0,396494163547482;0;0,848242807865243;0;0,380813953488372;0;0,016483516483517;0,348199846722308
0,634703196347032;0,264329442364988;0;0,848242807865243;0;0,380813953488372;0;0,074175824175824;0,425065427309466
0,147945212328767;0,696160270386649;0;0,652555902217793;0;0,507558069767442;0,247365734914143;0,244505494505494;0,513766052417243
0,22054795890411;0,368391753506818;0;0,560702864873072;0;0,515697744186047;0,580782774557919;0,074175824175824;0,320044856610062
0,342009139269406;0;0,49925036983757;0,194089485481377;0,385093155742449;0,59593023255814;0,767185164105479;0,035714285714286;0,386570347242316
0,563926940639269;0;0;0,560702864873072;0;0,715116279069768;0,531861547327339;0,491758241758242;0,482371994079282
0,143835616438356;0;0,717641187876826;0,3354632668242;0;0,594767372093023;0,769944913393572;0,151098901098901;0,426435802328038
0,442922374429224;0;0,534732617649197;0,792332263394543;0,34161489622314;0,052325581395349;0,461615682585992;0,074175824175824;0,362401902638642
0,594977182648402;0,525876469547186;0;0,344249137641752;0,360248436017129;0,417732593023256;0,405920716864268;0,247252747252747;0,958888811732623
0,657305922374429;0,525876469547186;0;0,192491945506995;0,68322979244628;0,417732593023256;0,405920716864268;0,016483516483517;0,707113509582995
0,296347038812785;0;0,607696123707263;0,416932893376986;0,208074527699549;0,742441930232558;0,462870073027802;0,271978021978022;0,542045609618677
0,17351598173516;0,361157499073303;0,592703620408687;0,464057447221824;0,111801238763937;0,59970926744186;0,383341688911692;0,074175824175824;0,458826472127232
0,664383561643836;0;0;0,560702864873072;0;0,40581388372093;0,480682357090759;0,016483516483517;0,316556629290062
0,980136958904109;0;0;0,159744412773428;0,875776401373404;0,148546441860465;0,751881660926141;0,247252747252747;0,708483897059522
0,958904109589041;0;0;0,193290715494186;0;0,276162790697674;0,757651826853096;0,016483516483517;0,600224233218493
0,251141552511415;0;0,623688152213249;0,297124583796915;0,242236017321863;0,826744255813954;0,515554471583812;0,271978021978022;0,566712359952968
0,769406392694064;0,492487487353714;0;0,512779541041043;0,344720486188805;0,243895418604651;0,285750202855005;0,074175824175824;0,793197976658726
0,563926940639269;0;0;0,560702864873072;0;0,741279069767442;0,539387889978197;0,244505494505494;0,477513404198665
0,527397260273973;0;0;0,560702864873072;0;0,378488406976744;0,623682867457072;0,005494505494506;0,165566218152889
0,255251148401826;0,272954923866805;0,122438776938368;0,478434468333094;0,208074527699549;0,770348837209302;0,480431539213138;0,035714285714286;0,193222877618609
0,342465753424657;0;0;0,512779541041043;0;0,901162790697674;0,476668367887709;0,016483516483517;0,113865706088594
0,743150684931507;0,132164721182494;0;0,848242807865243;0;0,380813953488372;0;1;0,515385598988055
0,500913228310502;0;0,639180400624276;0,484824268805693;0,357142846051464;0,200872023255814;0,465880640193516;0,074175824175824;0,435280937717228
0,399771703196347;0;0,486756617088757;0,309904184742113;0,366459615948459;0,502616348837209;0,706472636616516;0,074175824175824;0,572443006663586
0,08675799086758;0,456316089977453;0,639680140739226;0,920127793613286;0,186335397939894;0,197674418604651;0,15554441478441;0,074175824175824;0,40986671010008
0,182648401826484;0,125765169044494;0,609695134142075;0,386581430988373;0,254658377184522;0,751162860465116;0,468389421077135;0,271978021978022;0,577301596544203
0,468036529680365;0;0;0,568690085511743;0;0,48546511627907;0,546914232629056;0,491758241758242;0,400647848527416
0,301369863013699;0,434056768515138;0;0,536741202957058;0,18322980797423;0,523255813953488;0,416457626680841;0,074175824175824;0,460570573329278
0,442922374429224;0;0;0,560702864873072;0;0,825581395348837;0,429001531098938;0,074175824175824;0,240687685080047
0,426940639269406;0;0;0,560702864873072;0;0,326162825581395;0,755895650129191;0,005494505494506;0,116108137937166
0,070776255707763;0,556483036557869;0;0,560702864873072;0;0,367441930232558;0,615153102768877;0,005494505494506;0,056683693950011
0,181278525114155;0;0,834582683620709;0,381789170490156;0,236024837390533;0,740116209302325;0,461113896303897;0,005494505494506;0,140650308724313
0,085844762557078;0,582637722581598;0;0,560702864873072;0;0,715116279069768;0,534119510333337;0,005494505494506;0,071384080512871
0,888127853881278;0,072342794752523;0,6146926352416;0,704472836369157;0,121118008660931;0,23546511627907;0,26342199278005;0,074175824175824;0,66301233743646
0,541095890410959;0;0;0,600638968066429;0;0,48546511627907;0,469142025236851;0,074175824175824;0,370125847019455
0,735159817351598;0,061213134021366;0,659670145137327;0,369009569544958;0,276397506944177;0,061046511627907;0,391369817844645;0,074175824175824;0,869191475499974
0,494977141552511;0,591263226342736;0;0,270766731727637;0,444099365090082;0,148546441860465;0,718514905279372;0,074175824175824;0,662389452158701
0,633561643835616;0,420701167290504;0;0,256389710616367;0,49378880454072;0,96889549127907;0,027596589719815;0,016483516483517;0,557742607642771
0,650684931506849;0,055648303655787;0,469765103355369;0,281150142519572;0,360248436017129;0,398255813953488;0,6297040017885;0,151098901098901;0,736638849797903
0,121461180365297;0,51168613542047;0,715642142459506;0,575079885984342;0,285714276841171;0,228488302325581;0,26216760233824;0,074175824175824;0,332129072682922
0,309360730593607;0,66082360591247;0;0,848242807865243;0;0,380813953488372;0;0,016483516483517;0,298118856312915
0,426940639269406;0,37200890159169;0;0,583865756801895;0,17080744811157;0,35784876744186;0,416708444558461;0,074175824175824;0,547153371051535
0,5662100456621;0;0;0,648562291898458;0;0,502906976744186;0,454089339935133;0,016483516483517;0,196835672027798
0,445662127853881;0;0,587206379194211;0,423322693849585;0,295031046738166;0,644767406976744;0,400150550937314;0,074175824175824;0,561480043888876
0,149315054794521;0,361435715549845;0,642678671383948;0,428913724334993;0,242236017321863;0,596802290697674;0,382839902629598;0,074175824175824;0,484240712202335
0,201598180365297;0;0,625687122668052;0,357827508574142;0,307453406600826;0,808139534883721;0,514049263264381;0,035714285714286;0,212906446067184
0,202511408675799;0;0,626686647875463;0,32188501570012;0,242236017321863;0,840116279069767;0,526843985560099;0,074175824175824;0,299862969972916
0,372146118721461;0,308848085289617;0,429785094559168;0,584664526789086;0,186335397939894;0,093023255813954;0,491721053189426;0,074175824175824;0,488476416805193
0,341095876712329;0;0,591204395066335;0,567891315524552;0,180124218008565;0,705232488372093;0,402157545538839;0,035714285714286;0,229226366742902
0,068493150684932;0,574568735246;0,804097896928599;0,456070226583152;0,17080744811157;0,191569837209302;0,355243312909783;0,074175824175824;0,385947449506601
0,483561616438356;0;0,562718613811536;0,384185240835109;0,313664586532156;0,361337174418605;0,473908769126469;0,074175824175824;0,450105891369276
0,342009139269406;0;0,49925036983757;0,194089485481377;0,385093155742449;0,59593023255814;0,767185164105479;0,151098901098901;0,520867074146433
0,594977182648402;0,525876469547186;0;0,344249137641752;0,360248436017129;0,417732593023256;0,405920716864268;0,005494505494506;0,410738754472125
0,634703196347032;0,264329442364988;0;0,848242807865243;0;0,380813953488372;0;0,016483516483517;0,379843039238646
0,464155223744292;0,566221489697632;0;0,652555902217793;0;0,477907046511628;0,092824892693922;0,074175824175824;0,511399053479483
0,965753424657534;0;0;0,536741202957058;0;0,941860465116279;0,047666836788771;0,244505494505494;0,703251531163611
0,527397260273973;0;0;0,560702864873072;0;0,378488406976744;0,623682867457072;0,074175824175824;0,369253765273546
0,980136958904109;0;0;0,159744412773428;0,875776401373404;0,148546441860465;0,751881660926141;0,074175824175824;0,67360163631747
0,186986287671233;0,341124095845143;0;0,652555902217793;0;0,459883755813954;0,516808862025621;0,016483516483517;0,105394296882878
0,481050255707763;0,402615468602373;0;0,043929713512693;0,248447197253193;0,577616313953488;0,572503827747345;0,074175824175824;0,525601109395817
0,29155250456621;0;0,590704614971376;0,586261946955158;0,189440987905559;0,660174348837209;0,410436492349412;0,151098901098901;0,361529845808642
0,143835616438356;0;0,717641187876826;0,3354632668242;0;0,594767372093023;0,769944913393572;0,005494505494506;0,150367513401458
0,67351598173516;0;0;0,504792320402372;0;0,694767441860465;0,351229323706733;0,074175824175824;0,457954415297232
0,623287671232877;0,260990552492886;0;0,03833861912952;0,726708051965588;0,148546441860465;1;0,005494505494506;0,332253652230065
0,305936073059361;0;0;0,576677306150415;0;0,48546511627907;0,730055237133281;0,035714285714286;0,130933104047168
0,101598173515982;0,318864774382829;0,446276863180104;0,639776301272595;0,273291916978512;0,171511627906977;0,590817898092397;0,074175824175824;0,220007480254329
0,310502283105023;0;0;0,512779541041043;0;0,924418604651163;0,489212272305807;0,016483516483517;0,121091319822881
0,541095890410959;0;0;0,600638968066429;0;0,48546511627907;0,469142025236851;0,244505494505494;0,409119207901313
0,123287671232877;0,676126889417811;0;0,464856217209015;0,34161489622314;0,642441860465116;0,26091321189643;0,074175824175824;0,436402166099468
0,461187214611872;0,21146355389199;0;0,848242807865243;0;0,380813953488372;0,190667347155084;0,739010989010989;0,648436555336653
0,634703196347032;0;0;0,848242807865243;0;0,380813953488372;0,190667347155084;0,244505494505494;0,630123349448694
0,097716901826484;0;0,667666176881574;0,471246017681614;0,344720486188805;0,518895348837209;0,545659842187246;0,074175824175824;0,135417967744312
0,785388127853881;0,066777964386944;0,394802586862491;0,321086245712929;0,360248436017129;0,482558139534884;0,296036144267104;0,074175824175824;0,524355289008479
0,257762543378995;0,149693934051652;0,609195394027125;0,269968081548756;0,298136636703831;0,620058104651163;0,468138452672661;0,271978021978022;0,676466953443801
0,447488584474886;0,38119088004214;0,534732617649197;0,632587850621115;0,186335397939894;0,223837209302326;0,153035633900791;0,074175824175824;0,63772270182441
0,534246575342466;0;0;0,480830658486358;0,093167698969947;0,537790697674419;0,559458137047153;0,074175824175824;0,52983682645663
0,343150691780822;0;0,493753123625594;0,19568690564745;0,440993775124417;0,543023220930232;0,740090360667759;0,005494505494506;0,242307231650859
0,374885872146119;0,312465233374489;0,437281346208455;0,448083005944481;0,32298135642915;0,315988406976744;0,377571522984738;0,074175824175824;0,462065515437038
0,837899543378995;0,326099051075666;0;0,127795530218743;1;0,148546441860465;0,618414487812212;0,151098901098901;0,834309264589741
0,785388127853881;0,066777964386944;0,394802586862491;0,321086245712929;0,360248436017129;0,482558139534884;0,296036144267104;0,016483516483517;0,618911165289926
0,389497730593607;0;0,447776088522456;0,614217219190508;0,32919253636048;0,378779034883721;0,421976974730174;0,074175824175824;0,372742005051501
0,43013697260274;0;0,480759590781821;0,369808339532149;0,291925456772501;0,465697709302326;0,67987961946089;0,005494505494506;0,251276946587192
0,785388127853881;0,066777964386944;0,394802586862491;0,321086245712929;0,360248436017129;0,482558139534884;0,296036144267104;0,005494505494506;0,282670992467198
0,445662127853881;0;0,587206379194211;0,423322693849585;0,295031046738166;0,644767406976744;0,400150550937314;0,151098901098901;0,618288280012166
0,762557077625571;0;0;0,768370601478529;0;0,108721;0,315353787176344;0,074175824175824;0,268095185451481
0,105251155251142;0;0,910044980208546;0,476038278179831;0,465838494849736;0,110174488372093;0,728299060409376;0,074175824175824;0,164445002228604
0,152739712328767;0,117417923496126;0,621189401663486;0,291533553311507;0,33540371629181;0,813372235465116;0,507275524773238;0,271978021978022;0,570823509924592
0,349315068493151;0;0;0,560702864873072;0;0,2581395;0,880582090150452;0,244505494505494;0,243303868028002
0,481050255707763;0;0;0,449680545918863;0,248447197253193;0,577616313953488;0,572503827747345;0,074175824175824;0,283667628844341
0,335844762557078;0;0,493753123625594;0,289936133145435;0,397515515605108;0,543023220930232;0,740090360667759;0,151098901098901;0,494580789699285
0,646118721461187;0;0;0,512779541041043;0;0,479651162790698;0,423983969331699;0;0,049084341574295
0,099771682648402;0,480244877243932;0;0,480031888499167;0,105590058832607;0,53720926744186;0,558956350765059;0,074175824175824;0,266724810432909
0,208904109589041;0,807456919434451;0;0,51038335088778;0;0,573255848837209;0,276718501357863;0,016483516483517;0,185249799059419
0,389954310502283;0,506121305054891;0;0,51038335088778;0;0,614534953488372;0,301806310194058;0,016483516483517;0,217266730217185
0,075342465753425;0;0,829585182521184;0,464856217209015;0,310558996566491;0,465116279069767;0,529352766443719;0,074175824175824;0,136539183668598
0,095890410958904;0,04173622774184;0,974512714407415;0,432907334654329;0,186335397939894;0,63953488372093;0,288509801616245;0,074175824175824;0,162077990832889
0,22054795890411;0,368391753506818;0;0,560702864873072;0;0,515697744186047;0,580782774557919;0,244505494505494;0,445247301488658
0,121004566210046;0,50918197845045;0;0,568690085511743;0,279503096909842;0,715116279069768;0,258404431012811;0,074175824175824;0,198704390150851
0,547945205479452;0,105731776945995;0;0,848242807865243;0;0,380813953488372;0,190667347155084;0,739010989010989;0,656907964542369
0,309360730593607;0,66082360591247;0;0,848242807865243;0;0,380813953488372;0;1;0,456833199372946
0,445662127853881;0;0,587206379194211;0,423322693849585;0,295031046738166;0,644767406976744;0,400150550937314;0,035714285714286;0,431792735313137
0,120547952054795;0;0,713643172004702;0,571086275665007;0,282608686875507;0,716279139534884;0,257651826853095;0,074175824175824;0,126199081255739
0,309360730593607;0,66082360591247;0;0,848242807865243;0;0,380813953488372;0;0,739010989010989;0,449483006091516
0,309360730593607;0,66082360591247;0;0,848242807865243;0;0,380813953488372;0;0,074175824175824;0,345708243321496
0,529680365296804;0,048970507217093;0,789605173724982;0,536741202957058;0,475155264746731;0,482558139534884;0,097842454461161;0,074175824175824;0,523234122916012
0,494977141552511;0,591263226342736;0;0,270766731727637;0,444099365090082;0,148546441860465;0,718514905279372;0,247252747252747;0,819359656642822
0,415525114155251;0,04173622774184;0,704647655033054;0,456868996570343;0,17080744811157;0,119186046511628;0,519317642909241;0,074175824175824;0,515759325171529
0,155936079908676;0,432665560923743;0;0,51038335088778;0;0,65581388372093;0,326894119030253;0,074175824175824;0,291516140314343
0,257762543378995;0,149693934051652;0,609195394027125;0,269968081548756;0,298136636703831;0,620058104651163;0,468138452672661;0,074175824175824;0,621278214059505
0,735159817351598;0,061213134021366;0,659670145137327;0,448881775931672;0,263975147081517;0,23546511627907;0,391369817844645;0,005494505494506;0,369752071004163
0,252511429223744;0;0,501749120387333;0,30031942412906;0,32298135642915;0,589534848837209;0,777220287639957;0,271978021978022;0,565715748491734
0,420776228310502;0,558987193527889;0;0,182907304702252;0,34782607615447;0,591860395348837;0,526091381400384;0,151098901098901;0,880279055195691
0,634703196347032;0,264329442364988;0;0,848242807865243;0;0,380813953488372;0;0,739010989010989;0,483617826924575
0,374429223744292;0,317195330837985;0;0,848242807865243;0;0,380813953488372;0,190667347155084;0,074175824175824;0,542170164249911
0,464155223744292;0,566221489697632;0;0,652555902217793;0;0,477907046511628;0,092824892693922;0,016483516483517;0,293509400610674
0,509132420091324;0;0;0,4968050997637;0;0,761627906976744;0,47415958700409;0,016483516483517;0,189485503662277
0,511415525114155;0;0,689655151734478;0,616613409343772;0,34161489622314;0;0,496738614956665;0,074175824175824;0,47776256329295
0,274885831050228;0;0,483258341331584;0,539137393110321;0,139751548454921;0,48284876744186;0,693176128038703;0,271978021978022;0,478136289476424
0,522831050228311;0,473010581074189;0;0,584664526789086;0,248447197253193;0,029069767441861;0,52182642379286;0,074175824175824;0,676217794349515
0,136986301369863;0,575959942837395;0,859570189118335;0,752396160201186;0,310558996566491;0,061046511627907;0,110386358879259;0,074175824175824;0,467297881332948
0,252511429223744;0;0,501749120387333;0,30031942412906;0,32298135642915;0,589534848837209;0,777220287639957;0,005494505494506;0,13703750185717
0,463013671232877;0;0,497751099517708;0,592651747427758;0,304347816635161;0,460465186046512;0,278976464363861;0,074175824175824;0,346206573968022
0,399543378995434;0;0;0,5527156442344;0;0,48546511627907;0,657300591508315;0,005494505494506;0,112495331070022
0,484018264840183;0;0,564717624246348;0,3849840108223;0,310558996566491;0,36046511627907;0,47415958700409;0,074175824175824;0,450105891369276
0,684474858447489;0,263494709462906;0;0,204472776465003;0,354037256085799;0,423837174418605;0,647516285851457;0,016483516483517;0,644948290642788
0,5662100456621;0;0;0,512779541041043;0;0,723837209302326;0,441545435517036;0,074175824175824;0,398156245126604
0,305936073059361;0,436839183697927;0;0,560702864873072;0;0,498837139534884;0,389111854838647;0,074175824175824;0,380590528979458
0,481506835616438;0,44657763683769;0;0,445686935599527;0,298136636703831;0,336046441860465;0,415203236239031;0,074175824175824;0,624392702738077
0,395205493150685;0;0,606696643477362;0,301118194116251;0,307453406600826;0,734302255813953;0,460361292144182;0,074175824175824;0,610439805916029
0,657305922374429;0,525876469547186;0;0,192491945506995;0,68322979244628;0,417732593023256;0,405920716864268;0,005494505494506;0,476765901999898
0,650684931506849;0,055648303655787;0,469765103355369;0,281150142519572;0,360248436017129;0,398255813953488;0,6297040017885;0,016483516483517;0,490095913544186
0,292237442922374;0;0,591204395066335;0,588658137108422;0,142857138420586;0,663953558139535;0,412945273233032;0,271978021978022;0,411237085118652
0,522831050228311;0;0;0,560702864873072;0;0,651162790697674;0,569493260581631;0,244505494505494;0,443254028734372
1;0;0;0,408945672738315;0;0,941860465116279;0,047666836788771;0,074175824175824;0,809517872418534
0,577625570776256;0,052865888472998;0,484757606653945;0,185303494855515;0,406832285502103;0,482558139534884;0,694932304762607;0,074175824175824;0,519496699127861
0,522831050228311;0;0;0,560702864873072;0;0,226744186046512;0,57952838411611;0,005494505494506;0,139404513252884
0,255022824200913;0;0,87306342709455;0,263578281076157;0,316770176497821;0,734011627906977;0,457601693382942;0,074175824175824;0,471159872210287
0,851598173515982;0;0;0,848242807865243;0;0,380813953488372;0;0,491758241758242;0,501930982980715
0,482420063926941;0,403450201504455;0;0,452875386251008;0,248447197253193;0,584011697674419;0,237581579784139;0,074175824175824;0,482371994079282
0,148401826484018;0,209794110347147;0,834582683620709;0,337060686990272;0,245341607287528;0,59970926744186;0,441796253394656;0,005494505494506;0,164320422681461
0,091095876712329;0,463550386147196;0,648175877615916;0,412939283057651;0,338509306257475;0,237209232558139;0,479929752931044;0,074175824175824;0,526722337778057
0,541095890410959;0;0;0,600638968066429;0;0,48546511627907;0,469142025236851;0,035714285714286;0,307836073448015
0,58675799086758;0,052865888472998;0,704647655033054;0,257188480603558;0,338509306257475;0,409883720930233;0,519317642909241;0,151098901098901;0,802915168877916
0,737442922374429;0,295770742277753;0;0,253194870284222;0,51242234433471;0,148546441860465;0,73532361677814;0,074175824175824;0,722063067698096
0,837899543378995;0,326099051075666;0;0,127795530218743;1;0,148546441860465;0,618414487812212;0,005494505494506;0,471782757488047
0,965753424657534;0;0;0,536741202957058;0;0,941860465116279;0,047666836788771;0,035714285714286;0,573937998603164
0,150684931506849;0,117139673630601;0,818590695094732;0;0,1770186280429;0,749127764534884;0,466884062230852;0,005494505494506;0,067522114551442
0,420776228310502;0,558987193527889;0;0,182907304702252;0,34782607615447;0,591860395348837;0,526091381400384;0,016483516483517;0,444375244658658
0,252511429223744;0;0,501749120387333;0,30031942412906;0,32298135642915;0,589534848837209;0,777220287639957;0,035714285714286;0,287031289075153
0,29155250456621;0;0,590704614971376;0,586261946955158;0,189440987905559;0,660174348837209;0,410436492349412;0,035714285714286;0,24903451473862
0,594977182648402;0,525876469547186;0;0,344249137641752;0,360248436017129;0,417732593023256;0,405920716864268;0,005494505494506;0,410738754472125
0,337899543378995;0;0,478260840232059;0,523961602011859;0,17080744811157;0,453197744186047;0,670346282208507;0,074175824175824;0,334994389809254
0,202511408675799;0;0,626686647875463;0,32188501570012;0,242236017321863;0,840116279069767;0,526843985560099;0,035714285714286;0,233337479340662
0,664383561643836;0;0;0,560702864873072;0;0,40406976744186;0,411440064913602;0,005494505494506;0,20904449256371
0,287671232876712;0,951864250726726;0;0,51038335088778;0;0,449999965116279;0,201455074849277;0,074175824175824;0,465553780130903
0,095433796803653;0,379243197761433;0,530734601777073;0,449680545918863;0,232919247424868;0,40843023255814;0,452333163211229;0,074175824175824;0,296748481294344
0,163926947488585;0,259877583637355;0,799100395829074;0,403354642252907;0,301242226669496;0,599418639534884;0,382839902629598;0,035714285714286;0,339105514864969
0,129223757990868;0,414301604022843;0,579710127544924;0,425718884002849;0,465838494849736;0,442732523255814;0,315353787176344;0,074175824175824;0,315809152007204
0,442237470319635;0;0,477761095119607;0,396964841780308;0,276397506944177;0,447965046511628;0,665328720441268;0,074175824175824;0,468543664346422
0,67351598173516;0;0;0,51038335088778;0;0,696511558139535;0,351981927866448;0,074175824175824;0,38308213238027
0,200913242009132;0,528658884729976;0;0,848242807865243;0;0,380813953488372;0,190667347155084;0,244505494505494;0,498318213487435
0,796803652968037;0;0;0,345047907628943;0,350931666120135;0,665697674418605;0,378825913426548;0,074175824175824;0,952659834375479
0,594977182648402;0,525876469547186;0;0,344249137641752;0,360248436017129;0,417732593023256;0,405920716864268;0,074175824175824;0,859225174018317
0,594977182648402;0,525876469547186;0;0,344249137641752;0,360248436017129;0,417732593023256;0,405920716864268;0,074175824175824;0,859225174018317
0,426940639269406;0;0;0,560702864873072;0;0,326162825581395;0,755895650129191;0,016483516483517;0,152859104344316
0,201598180365297;0;0,625687122668052;0,357827508574142;0,307453406600826;0,808139534883721;0,514049263264381;0,074175824175824;0,280553140165769
0,654337913242009;0,270172508684015;0;0,288338593171052;0,375776385845454;0,148546441860465;0,832162649201966;0,016483516483517;0,405755609960274
0,398173502283105;0,322760161203564;0,451274364279629;0,46166137687687;0,276397506944177;0,200872023255814;0,437280477909512;0,074175824175824;0,522611187806433
0,735159817351598;0,061213134021366;0,659670145137327;0,369009569544958;0,276397506944177;0,061046511627907;0,391369817844645;0,151098901098901;0,89734649052813
0,481735159817352;0,403450201504455;0;0,04153352335943;0,248447197253193;0,578488372093023;0,572002041465251;0,074175824175824;0,525601109395817
0,365068479452055;0,307456877698223;0,430284834674118;0,587859367121231;0,155279498283245;0,273837244186047;0,347716970258924;0,074175824175824;0,39105521093946
0,522831050228311;0;0;0,560702864873072;0;0,651162790697674;0,569493260581631;0,016483516483517;0,188239708190849
0,342009139269406;0;0,49925036983757;0,194089485481377;0,385093155742449;0,59593023255814;0,767185164105479;0,271978021978022;0,536190358445007
0,541095890410959;0;0;0,600638968066429;0;0,48546511627907;0,469142025236851;0,491758241758242;0,425065427309466
0,737442922374429;0,295770742277753;0;0,253194870284222;0,51242234433471;0,148546441860465;0,73532361677814;0,151098901098901;0,772019491018301
0,408675799086758;0;0;0,512779541041043;0;0,880813953488372;0,451580559051514;0,016483516483517;0,151613308872887
0,541095890410959;0;0;0,504792320402372;0;0,779069767441861;0,401404941379123;0,016483516483517;0,234583287270046
0,310730607305936;0;0;0,51038335088778;0;0,923837351744186;0,489964876465522;0,074175824175824;0,189983809392894
0,594977182648402;0,525876469547186;0;0,344249137641752;0,360248436017129;0,417732593023256;0,405920716864268;0,016483516483517;0,256260128472907
0,125570776255708;0,656649983138286;0;0,560702864873072;0;0,390697744186047;0,469643811518945;0,016483516483517;0,181387808182081
0,071004579908676;0,584863663075075;0;0,590255557274494;0,096273288935612;0,431395418604651;0,505017561767239;0,074175824175824;0,331506187405162
0,075342465753425;0,292153594192881;0,964517712208365;0,592651747427758;0,186335397939894;0,476744186046512;0,122930263297357;0,074175824175824;0,243926753305762
0,16324200913242;0,139398995092916;0,867066440767623;0,343450487462871;0,201863347768219;0,596511662790698;0,500501786282095;0,005494505494506;0,258502560321479
0,107305936073059;0,42570952296677;0,96951521330789;0,560702864873072;0,248447197253193;0,38953488372093;0,072754645624966;0,074175824175824;0,277189492392911
0,785388127853881;0,066777964386944;0,394802586862491;0,321086245712929;0,360248436017129;0,482558139534884;0,296036144267104;0,016483516483517;0,444624403752944
0,251369876712329;0;0,607696123707263;0,467252407362278;0,1770186280429;0,745930162790698;0,464877067629327;0,151098901098901;0,397035029202318
0,634703196347032;0,264329442364988;0;0,848242807865243;0;0,380813953488372;0;0,244505494505494;0,476267621185191
0,211643828767123;0;0,502248860502283;0,34984028793547;0,232919247424868;0,597093093023256;0,78248881781167;0,271978021978022;0,436152994547228
0,143835616438356;0;0,749625164928781;0,480830658486358;0,372670795879789;0,645348837209302;0,338685419288635;0,074175824175824;0,195589901472279
0,342465753424657;0;0;0,504792320402372;0;0,901162790697674;0,476668367887709;0,016483516483517;0,141771524648599
0,45662100456621;0;0;0,648562291898458;0;0,502906976744186;0,559458137047153;0,035714285714286;0,196835672027798
0,424657534246575;0,534223715095555;0;0,560702864873072;0;0,380813953488372;0,310587043286726;0,016483516483517;0,263984060395766
0,735159817351598;0,061213134021366;0,659670145137327;0,369009569544958;0,276397506944177;0,061046511627907;0,391369817844645;0,016483516483517;0,472903973412333
0,335844762557078;0;0,493753123625594;0,289936133145435;0,397515515605108;0,543023220930232;0,740090360667759;0,271978021978022;0,607076145685216
0,634703196347032;0;0;0,848242807865243;0;0,380813953488372;0,190667347155084;0,739010989010989;0,634981939329312
0,257762543378995;0,149693934051652;0,609195394027125;0,269968081548756;0,298136636703831;0,620058104651163;0,468138452672661;0,005494505494506;0,195465309467181
0,349315068493151;0;0;0,560702864873072;0;0,2581395;0,880582090150452;0,016483516483517;0,098293262695734
0,202511408675799;0;0,626686647875463;0,32188501570012;0,242236017321863;0,840116279069767;0,526843985560099;0,005494505494506;0,158340604418602
0,45662100456621;0;0;0,648562291898458;0;0,502906976744186;0,559458137047153;0,491758241758242;0,304098674575774
0,664383561643836;0;0;0,560702864873072;0;0,40581388372093;0,480682357090759;0,005494505494506;0,210165708487996
0,337899543378995;0;0,478260840232059;0,559105444707;0,16459626818024;0,429941930232558;0,660311158674029;0,005494505494506;0,076741001040015
0,181278525114155;0;0,834582683620709;0,381789170490156;0,236024837390533;0,740116209302325;0,461113896303897;0,271978021978022;0,536190358445007
0,374429223744292;0,317195330837985;0;0,848242807865243;0;0,380813953488372;0,190667347155084;0,244505494505494;0,556870563270725
0,149315054794521;0,361435715549845;0,642678671383948;0,428913724334993;0,242236017321863;0,596802290697674;0,382839902629598;0,005494505494506;0,157094808947173
0,116438356164384;0,283806348644513;0;0,560702864873072;0;0,252906976744186;0,875815346260834;0,005494505494506;0,030521989050006
0,121004566210046;0;0,714642657232104;0,568690085511743;0,279503096909842;0,715116279069768;0,258404431012811;0,074175824175824;0,126199081255739
0,442922374429224;0;0;0,512779541041043;0;0,840116279069767;0,439036654633416;0,074175824175824;0,284664265221484
0,482420063926941;0,729549294316349;0;0,428913724334993;0,267080737047182;0,714825651162791;0,044656269623057;0,151098901098901;0,779494251388919
0,417808219178082;0,528658884729976;0;0,329073466351601;0,236024837390533;0,668604651162791;0,228299060409376;0,074175824175824;0,638470204023177
0,650684931506849;0,055648303655787;0,469765103355369;0,281150142519572;0,360248436017129;0,398255813953488;0,6297040017885;0,005494505494506;0,404136050931507
0,502283105022831;0;0;0,648562291898458;0;0,502906976744186;0,516808862025621;0,035714285714286;0,229724684931473
0,526255707762557;0,396494163547482;0;0,848242807865243;0;0,380813953488372;0;0,491758241758242;0,466550391592136
0,251369876712329;0;0,607696123707263;0,467252407362278;0,1770186280429;0,745930162790698;0,464877067629327;0,005494505494506;0,126323660802882
0,481735159817352;0,403450201504455;0;0,448881775931672;0,248447197253193;0,584302325581395;0,238334183943855;0,074175824175824;0,482371994079282
1;0;0;0,408945672738315;0;0,941860465116279;0,047666836788771;0,244505494505494;0,83879414074484
0,091324200913242;0,464663335525821;0,649675142938277;0,416932893376986;0,34161489622314;0,238372093023256;0,479177148771329;0,074175824175824;0,526722337778057
0,098173515981735;0;0,894552696815012;0,640575071259786;0,248447197253193;0,066860465116279;0,689914742995368;0,074175824175824;0,102279808204306
0,579680351598174;0;0,707646185677776;0,571086275665007;0,34161489622314;0,001162860465116;0,462619255150181;0,074175824175824;0,48012956223071
0,143835616438356;0,357540350988431;0,660169925232286;0,425718884002849;0,251552787218858;0,595348802325581;0,382839902629598;0,005494505494506;0,212906446067184
0,468036529680365;0;0;0,568690085511743;0;0,48546511627907;0,546914232629056;0,005494505494506;0,127195717632882
0,089726034246575;0,589872018751341;0;0,652555902217793;0;0,496511593023256;0,387606646519216;0,005494505494506;0,03114488678572
0,255251148401826;0,272954923866805;0,122438776938368;0,478434468333094;0,208074527699549;0,770348837209302;0,480431539213138;0,271978021978022;0,593496975046642
0,650684931506849;0,055648303655787;0,469765103355369;0,281150142519572;0,360248436017129;0,398255813953488;0,6297040017885;0,074175824175824;0,552510291578679
0,633561643835616;0,420701167290504;0;0,256389710616367;0,49378880454072;0,96889549127907;0,027596589719815;0,247252747252747;0,674847406872989
0,255251148401826;0,272954923866805;0,122438776938368;0,478434468333094;0,208074527699549;0,770348837209302;0,480431539213138;0,074175824175824;0,472156483671521
0,255022824200913;0,272954923866805;0,122438776938368;0,478434468333094;0,214285707630879;0,769767584302325;0,480180721335518;0,151098901098901;0,603463326360118
0,464155223744292;0,566221489697632;0;0,652555902217793;0;0,477907046511628;0,092824892693922;0,005494505494506;0,147128445175743
0,160730579908676;0,037840846485935;0,861569159573139;0,2795527223535;0,127329188592261;0,596802290697674;0,658304164072504;0,035714285714286;0,341597118265781
0,522831050228311;0;0;0,560702864873072;0;0,51453488372093;0,57952838411611;0,491758241758242;0,456833199372946
0,769406392694064;0,492487487353714;0;0,512779541041043;0,344720486188805;0,243895418604651;0,285750202855005;0,151098901098901;0,864208281156304
0,162100456621005;0,322760161203564;0;0,560702864873072;0;0,423837174418605;0,65930758610984;0,016483516483517;0,112869069711451
0,522831050228311;0;0;0,560702864873072;0;0,51453488372093;0,57952838411611;0,005494505494506;0,139404513252884
0,26689496347032;0;0,620189876456076;0,293130973477579;0,350931666120135;0,807267299418605;0,504014139729903;0,271978021978022;0,54690421195725
0,365296803652968;0,308848085289617;0,429785094559168;0,584664526789086;0,155279498283245;0,273255813953488;0,348720542823113;0,074175824175824;0,39105521093946
0,594977182648402;0,525876469547186;0;0,344249137641752;0,360248436017129;0,417732593023256;0,405920716864268;0,151098901098901;0,933972902304046
0,337899543378995;0;0;0,480830658486358;0;0,869186046511628;0,566984479698012;0,074175824175824;0,230970492860857
0,625570776255708;0;0;0,74121409923037;0;0,588662790697674;0,422478761012269;0,151098901098901;0,423196709186414
0,785388127853881;0,066777964386944;0,394802586862491;0,321086245712929;0,360248436017129;0,482558139534884;0,296036144267104;0,151098901098901;0,659274963480129
0,5662100456621;0;0;0,648562291898458;0;0,502906976744186;0,454089339935133;0,151098901098901;0,344462447850067
0,468036529680365;0;0;0,568690085511743;0;0,48546511627907;0,546914232629056;0,244505494505494;0,381088809794165
0,445662127853881;0;0,587206379194211;0,423322693849585;0,295031046738166;0,644767406976744;0,400150550937314;0,271978021978022;0,677837340920327
0,115525127853881;0,664162495784571;0;0,624600629982443;0,195652167836889;0,583720895348837;0,225539461648136;0,074175824175824;0,305593641599443
0,965753424657534;0;0;0,536741202957058;0;0,941860465116279;0,047666836788771;0,005494505494506;0,392051822400693
0,5662100456621;0;0;0,648562291898458;0;0,502906976744186;0,454089339935133;0,074175824175824;0,311573447404346
0,254566210045662;0;0,870564676544787;0,261980860910085;0,363354025982794;0,730523398255814;0,455343730376943;0,035714285714286;0,390806051845174
0,330593614155251;0;0,625187377555601;0,171725243731436;0,372670795879789;0,830814095930232;0,51906682503162;0,271978021978022;0,798430292722818
0,310502283105023;0;0;0,504792320402372;0;0,921511627906977;0,489212272305807;0,074175824175824;0,189485503662277
0,150684931506849;0,117139673630601;0,818590695094732;0;0,1770186280429;0,749127764534884;0,466884062230852;0,151098901098901;0,380216752964165
0,255251148401826;0,272954923866805;0,122438776938368;0,478434468333094;0,208074527699549;0,770348837209302;0,480431539213138;0,151098901098901;0,558116383658064
0,141552511415525;0,453533674794663;0,639680140739226;0,600638968066429;0,248447197253193;0,465116279069767;0,117912701530118;0,074175824175824;0,310203072385775
0,837899543378995;0,326099051075666;0;0,127795530218743;1;0,148546441860465;0,618414487812212;0,247252747252747;0,851750326442016
0,274885831050228;0;0,483258341331584;0,539137393110321;0,139751548454921;0,48284876744186;0,693176128038703;0,005494505494506;0,115236081107165
0,965753424657534;0;0;0,536741202957058;0;0,941860465116279;0,047666836788771;0,739010989010989;0,807026318849541
0,621004566210046;0,526432944236499;0;0,385782780809492;0,313664586532156;0,363662720930232;0,408178679870267;0,151098901098901;0,760807319317486
0,522831050228311;0;0;0,560702864873072;0;0,51453488372093;0,57952838411611;0,074175824175824;0,362775653738025
0,474885844748858;0;0;0,560702864873072;0;0,491279069767442;0,642247906206598;0,016483516483517;0,157717706682888
0,500684904109589;0,456872564666765;0;0,548722033915065;0,142857138420586;0,200581395348837;0,451580559051514;0,074175824175824;0,683817146725231
0,014383568493151;0,451864208990499;0;0,652555902217793;0;0,398837244186047;0,639739125322978;0,074175824175824;0,227482253082901
0,310730607305936;0;0,470264843470319;0,518370571526451;0,217391297596544;0,432848906976744;0,634721563555739;0,074175824175824;0,347576936528639
0,399543378995434;0;0;0,5527156442344;0;0,48546511627907;0,657300591508315;0,244505494505494;0,360284050337213
0,623287671232877;0,260990552492886;0;0,03833861912952;0,726708051965588;0,148546441860465;1;0,151098901098901;0,72094185177381
0,563926940639269;0;0;0,560702864873072;0;0,741279069767442;0,539387889978197;0,326923076923077;0,480005007599477
0,211643828767123;0;0,502248860502283;0,34984028793547;0,232919247424868;0,597093093023256;0,78248881781167;0,151098901098901;0,394045095154979
0,223744292237443;0;0;0,464856217209015;0;0,941860465116279;0,6297040017885;0,074175824175824;0,123582910765738
0,621004566210046;0,526432944236499;0;0,385782780809492;0,313664586532156;0,363662720930232;0,408178679870267;0,247252747252747;0,779494251388919
0,474885844748858;0;0;0,560702864873072;0;0,491279069767442;0,642247906206598;0,986263736263736;0,445745632135185
0,447488584474886;0;0,534732617649197;0,512779541041043;0,186335397939894;0,226744186046512;0,554440575279914;0,074175824175824;0,502180142075
0,511415525114155;0,461880920343032;0;0,416932893376986;0,279503096909842;0,23546511627907;0,491721053189426;0,074175824175824;0,733773532671572
0,136986301369863;0,528937142942746;0,740129942824689;0,455271576404271;0,583850882489103;0,10784876744186;0,369794362456259;0,074175824175824;0,391553491754167
0,563926940639269;0;0;0,560702864873072;0;0,715116279069768;0,534119510333337;0,005494505494506;0,158465183965745
0,200913242009132;0,528658884729976;0;0,848242807865243;0;0,380813953488372;0,190667347155084;0,074175824175824;0,480005007599477
0,208904109589041;0,807456919434451;0;0,51038335088778;0;0,573255848837209;0,276718501357863;0,074175824175824;0,377476040300886
0,837899543378995;0,326099051075666;0;0,127795530218743;1;0,148546441860465;0,618414487812212;0,016483516483517;0,654914704246037
0,350456621004566;0,473845313976271;0;0,51038335088778;0;0,65581388372093;0,326894119030253;0,074175824175824;0,370250401650689
0,255022824200913;0,272954923866805;0,122438776938368;0,478434468333094;0,214285707630879;0,769767584302325;0,480180721335518;0,035714285714286;0,349570196824971
0,58675799086758;0,052865888472998;0,704647655033054;0,257188480603558;0,338509306257475;0,409883720930233;0,519317642909241;0,151098901098901;0,827457352123019
0,310502283105023;0;0;0,512779541041043;0;0,924418604651163;0,489212272305807;0,074175824175824;0,189485503662277
0,16324200913242;0,139398995092916;0,867066440767623;0,343450487462871;0,201863347768219;0,596511662790698;0,500501786282095;0,271978021978022;0,669365919256657
0,085844762557078;0,582637722581598;0;0,560702864873072;0;0,715116279069768;0,534119510333337;0,986263736263736;0,527843553702343
0,482420063926941;0,729549294316349;0;0,428913724334993;0,267080737047182;0,714825651162791;0,044656269623057;0,247252747252747;0,80067272457139
0,522831050228311;0;0;0,560702864873072;0;0,51453488372093;0,57952838411611;0,986263736263736;0,484739042848861
0,563926940639269;0;0;0,560702864873072;0;0,715116279069768;0,531861547327339;0,074175824175824;0,378597256225171
0,349315068493151;0;0;0,560702864873072;0;0,2581395;0,880582090150452;0,074175824175824;0,204559616408611
0,09520547260274;0,473567055763501;0,662668675782049;0,557508024540927;0,263975147081517;0,038081325581395;0,530105370603434;0,074175824175824;0,34309208528945
0,163926947488585;0,259877583637355;0,799100395829074;0,403354642252907;0,301242226669496;0,599418639534884;0,382839902629598;0,074175824175824;0,442008245720898
0,186986287671233;0,341124095845143;0;0,652555902217793;0;0,459883755813954;0,516808862025621;0,074175824175824;0,270586763936384
0,474885844748858;0,397885371138877;0,554722622047298;0,369009569544958;0,68322979244628;0,328488372093023;0,143000510366313;0,074175824175824;0,390681447382121
0,851598173515982;0,33055093206262;0;0,473642207834877;0,276397506944177;0,148546441860465;0,47039641567866;0,247252747252747;0,895228650684656
0,160730579908676;0,037840846485935;0,861569159573139;0,2795527223535;0,127329188592261;0,596802290697674;0,658304164072504;0,005494505494506;0,236202833840858
0,152739712328767;0,117417923496126;0,621189401663486;0,291533553311507;0,33540371629181;0,813372235465116;0,507275524773238;0,005494505494506;0,063161830401441
1;0;0;0,408945672738315;0;0,941860465116279;0,047666836788771;0,739010989010989;0,894979441758551
0,350000006849315;0,274902628406833;0,384807584663441;0,533546362624913;0,201863347768219;0,343023255813953;0,389613641120741;0,074175824175824;0,392051822400693
0,296347038812785;0;0,607696123707263;0,416932893376986;0,208074527699549;0,742441930232558;0,462870073027802;0,074175824175824;0,391179778028648
0,031963470319635;0,481357826622557;0;0,560702864873072;0;0,316279034883721;0,747365885440997;0,016483516483517;0,096673728582876
0,300913248858447;0;0,472763594020082;0,607827418717909;0,142857138420586;0,424418604651163;0,647767254255931;0,035714285714286;0,246792070432093
0,468036529680365;0;0;0,568690085511743;0;0,48546511627907;0,546914232629056;0,074175824175824;0,313940471258016
0,737442922374429;0,295770742277753;0;0,253194870284222;0,51242234433471;0,148546441860465;0,73532361677814;0,247252747252747;0,783231575513431
0,486301369863014;0,38119088004214;0;0,185303494855515;0,18322980797423;0,956395348837209;0,378825913426548;0,074175824175824;0,989410763408764
0,341095876712329;0;0,591204395066335;0,532747592637722;0,198757757802554;0,661046581395349;0,410687460753886;0,005494505494506;0,134421331367169
0,201598180365297;0;0,625687122668052;0,320287475725738;0,307453406600826;0,834592953488372;0,523331632112291;0,271978021978022;0,474149743967852
0,39041095890411;0;0,449775098957268;0,616613409343772;0,34161489622314;0,377906976744186;0,42147518844808;0,074175824175824;0,372617450420268
0,014383568493151;0,451864208990499;0;0,652555902217793;0;0,398837244186047;0,639739125322978;0,244505494505494;0,335118981814351
0,34703196347032;0;0;0,6086261887051;0;0,48546511627907;0,674862057693651;0,491758241758242;0,315186241813535
0,343150691780822;0;0,493753123625594;0,19568690564745;0,440993775124417;0,543023220930232;0,740090360667759;0,151098901098901;0,666500602130325
0,426940639269406;0;0;0,560702864873072;0;0,326162825581395;0,755895650129191;0,244505494505494;0,370499573202929
0,342465753424657;0;0;0,504792320402372;0;0,901162790697674;0,476668367887709;0,074175824175824;0,216270106297997
0,488812799086758;0,58625487066647;0;0,51038335088778;0;0,511627906976744;0,23908678810357;0,016483516483517;0,275445391190866
0,522831050228311;0;0;0,560702864873072;0;0,651162790697674;0,569493260581631;0,005494505494506;0,149246297477172
0,343150691780822;0;0,493753123625594;0,19568690564745;0,440993775124417;0,543023220930232;0,740090360667759;0,035714285714286;0,497819882840909
0,908675799086758;0;0;0,624600629982443;0;0,941860465116279;0,047666836788771;0;0,128441513104311
0,343150691780822;0;0,493753123625594;0,19568690564745;0,440993775124417;0,543023220930232;0,740090360667759;0,271978021978022;0,730285317809526
0,223744292237443;0;0;0,464856217209015;0;0,941860465116279;0,6297040017885;0,016483516483517;0,068643330475728
0,125570776255708;0,59543684911692;0,759620167127831;0,624600629982443;0,279503096909842;0,052325581395349;0,275965897198147;0,074175824175824;0,382708356364977
0,148401826484018;0,520311639181608;0,974512714407415;0,504792320402372;0,217391297596544;0,281976744186046;0,10536879711202;0,074175824175824;0,268593491182098
0,538584461187215;0,525876469547186;0;0,424121344028467;0,295031046738166;0,417732593023256;0,405920716864268;0,151098901098901;0,717079860896471
0,684474858447489;0,263494709462906;0;0,204472776465003;0,354037256085799;0,423837174418605;0,647516285851457;0,247252747252747;0,911548546444464
0,426940639269406;0,372843634493772;0;0,584664526789086;0,186335397939894;0,357558139534884;0,416457626680841;0,074175824175824;0,547028816420302
0,664383561643836;0;0;0,560702864873072;0;0,40406976744186;0,411440064913602;0,244505494505494;0,578796588483782
0,341095876712329;0;0,591204395066335;0,532747592637722;0,180124218008565;0,661046581395349;0,410687460753886;0,074175824175824;0,340351322794352
0,200913242009132;0,528658884729976;0;0,848242807865243;0;0,380813953488372;0,190667347155084;0,491758241758242;0,555624780257251
0,111643821917808;0;0,919040422217678;0,357827508574142;0,360248436017129;0,552907011627907;0,447064783566369;0,074175824175824;0,164943320417175
0,251141552511415;0;0,623688152213249;0,297124583796915;0,242236017321863;0,826744255813954;0,515554471583812;0,005494505494506;0,214152241538613
0,147945212328767;0,696160270386649;0;0,652555902217793;0;0,507558069767442;0,247365734914143;0,074175824175824;0,393920540523746
0,639269406392694;0;0;0,504792320402372;0;0,715116279069768;0,363773228124831;0,016483516483517;0,269963878658624
0,634703196347032;0,264329442364988;0;0,848242807865243;0;0,380813953488372;0;1;0,515385598988055
0,211643828767123;0;0,502248860502283;0,386581430988373;0,232919247424868;0,572674418604651;0,772202725872718;0,035714285714286;0,273452118436579
0,424657534246575;0,534223715095555;0;0,560702864873072;0;0,380813953488372;0,310587043286726;0,074175824175824;0,454341595972134
0,851598173515982;0;0;0,848242807865243;0;0,380813953488372;0;1;0,493335006685811
0,888127853881278;0,072342794752523;0,6146926352416;0,704472836369157;0,121118008660931;0,23546511627907;0,26342199278005;0,016483516483517;0,388189893813128
0,794748872146119;0,139120759139467;0;0,624600629982443;0,093167698969947;0,940116348837209;0,048168623070866;0,074175824175824;0,461567234622331
0,070776255707763;0,556483036557869;0;0,560702864873072;0;0,367441930232558;0,615153102768877;0,244505494505494;0,426809528511512
0,255022824200913;0;0,87306342709455;0,263578281076157;0,316770176497821;0,734011627906977;0,457601693382942;0,271978021978022;0,594867362523168
0,851598173515982;0,33055093206262;0;0,473642207834877;0,276397506944177;0,148546441860465;0,47039641567866;0,016483516483517;0,66363522271422
0,342009139269406;0;0,49925036983757;0,194089485481377;0,385093155742449;0,59593023255814;0,767185164105479;0,074175824175824;0,393795936060694
0,415525114155251;0,04173622774184;0,704647655033054;0,456868996570343;0,17080744811157;0,119186046511628;0,519317642909241;0,005494505494506;0,13790955868717
0,664383561643836;0;0;0,560702864873072;0;0,40406976744186;0,411440064913602;0,074175824175824;0,464058838023143
0,371004566210046;0,308848085289617;0,43228384510893;0,588658137108422;0,18322980797423;0,091860395348837;0,492724625753615;0,074175824175824;0,488476416805193
0,482420063926941;0,729549294316349;0;0,428913724334993;0,267080737047182;0,714825651162791;0,044656269623057;0,016483516483517;0,504173414829287
0,111872146118721;0;0,919540202312638;0,361022348906286;0,372670795879789;0,552325581395349;0,446562997284275;0,074175824175824;0,164943320417175
0,481735159817352;0,403450201504455;0;0,448881775931672;0,248447197253193;0,191860465116279;0,57701960323249;0,074175824175824;0,523981562825005
0,442922374429224;0;0;0,560702864873072;0;0,825581395348837;0,429001531098938;0,244505494505494;0,337112242110682
0,684474858447489;0,263494709462906;0;0,204472776465003;0,354037256085799;0,423837174418605;0,647516285851457;0,151098901098901;0,889124190584881
0,211643828767123;0;0,502248860502283;0,386581430988373;0,232919247424868;0,572674418604651;0,772202725872718;0,074175824175824;0,435280937717228
0,252283105022831;0;0,501749120387333;0,299520773950178;0,270186327012847;0,601162755813953;0,776718501357863;0,005494505494506;0,13965367234717
0,541095890410959;0;0;0,600638968066429;0;0,48546511627907;0,469142025236851;0,005494505494506;0,135667126838598
0,201598180365297;0;0,625687122668052;0,320287475725738;0,307453406600826;0,834592953488372;0,523331632112291;0,035714285714286;0,254017684166381
0,127853881278539;0;0,974512714407415;0,784345042755872;0,34161489622314;0,281976744186046;0,298544925150723;0,074175824175824;0,077363898775729
0,078538799086758;0,44963831023325;0,628685653312774;0,397763611767499;0,32298135642915;0,353488302325581;0,427496322779508;0,074175824175824;0,333125709060065
0,274885831050228;0;0,483258341331584;0,539137393110321;0,139751548454921;0,48284876744186;0,693176128038703;0,035714285714286;0,275569970738008
0,337899543378995;0;0;0,480830658486358;0;0,869186046511628;0,566984479698012;0,016483516483517;0,129562729028597
0,594977182648402;0,525876469547186;0;0,344249137641752;0,360248436017129;0,417732593023256;0,405920716864268;0,016483516483517;0,667372658960325
0,502283105022831;0;0,579710127544924;0,592651747427758;0,310558996566491;0,049418604651163;0,549423013512675;0,074175824175824;0,359411993507213
0,309360730593607;0,66082360591247;0;0,848242807865243;0;0,380813953488372;0;0,491758241758242;0,422573823908654
0,58675799086758;0,052865888472998;0,704647655033054;0,257188480603558;0,338509306257475;0,409883720930233;0,519317642909241;0,005494505494506;0,283916800396582
0,13013698630137;0,581524773202973;0,804597677023558;0,632587850621115;0,217391297596544;0,136627906976744;0,188158566271464;0,074175824175824;0,355674594634972
0,452054794520548;0;0;0,4968050997637;0;0,796511627906977;0,504264957607524;0,016483516483517;0,165067899964318
0,737442922374429;0,295770742277753;0;0,253194870284222;0,51242234433471;0,148546441860465;0,73532361677814;0,016483516483517;0,58390434991664
0,098173515981735;0,322760161203564;0,594702630843499;0,4968050997637;0,1770186280429;0,093023255813954;0,717511332715183;0,074175824175824;0,334246924984351
0,442922374429224;0;0,533233352326836;0,795527103726688;0,326086946394815;0,052907011627907;0,462619255150181;0,074175824175824;0,362401902638642
0,374429223744292;0,311630500472407;0,434782595658693;0,448881775931672;0,310558996566491;0,316860465116279;0,378825913426548;0,074175824175824;0,462065515437038
0,579908675799087;0;0,709645156132579;0,568690085511743;0,34161489622314;0;0,461615682585992;0,074175824175824;0,48012956223071
0,621004566210046;0;0;0,544728423595729;0,217391297596544;0,616279069767442;0,341194200172255;0,074175824175824;0,457456084650706
0,908675799086758;0;0;0,145367391662158;0,124223598626596;0,479651162790698;0,649774248857456;0,074175824175824;0,812756965560159
0,305936073059361;0;0;0,576677306150415;0;0,48546511627907;0,730055237133281;0,244505494505494;0,244425083952288
0,415525114155251;0,333055089032639;0;0,371405759698221;0,223602477527873;0,492441930232558;0,502257963005999;0,074175824175824;0,480877051971522
0,965753424657534;0;0;0,536741202957058;0;0,941860465116279;0,047666836788771;0,491758241758242;0,742369496508521
0,330593614155251;0;0,625187377555601;0,171725243731436;0,372670795879789;0,830814095930232;0,51906682503162;0,005494505494506;0,263984060395766
0,108447488584475;0,656649983138286;0;0,431309914488257;0,391304335673778;0,1331395;0,749372880042522;0,074175824175824;0,381587140440691
0,105022831050228;0;0,684657650634953;0,289137363158243;0,496894394506385;0,584302325581395;0,592072288534207;0,074175824175824;0,194593265095136
