"","MSETrain","MSEValid"
"1",0.0436908653142879,0.0447505758954333
"2",0.0433898110991543,0.0444514225055645
"3",0.0430132645013098,0.0440337596001563
"4",0.0424555515284016,0.0433627041903409
"5",0.0415601531940095,0.0422495711933483
"6",0.0401208404033095,0.0404560844619553
"7",0.0379260456016424,0.0377832511802772
"8",0.0349108792541758,0.0342833593294218
"9",0.0313582691504787,0.0304283228787509
"10",0.0278648159540311,0.0268919220218411
"11",0.0249539109440352,0.0240902327871942
"12",0.0227823217764972,0.0220513885671442
"13",0.0212340401214303,0.0206162991461816
"14",0.0201299312871967,0.0196132892137998
"15",0.019327109465156,0.0189115072225595
"16",0.0187293792068545,0.0184191635676793
"17",0.0182737345173025,0.018072653126407
"18",0.0179180364833625,0.017827735318766
"19",0.0176335875766453,0.0176536882078493
"20",0.017400473066904,0.0175291609454465
"21",0.0172048124294837,0.0174393560979273
"22",0.0170368096699496,0.0173740139255276
"23",0.0168896290201089,0.0173259834190468
"24",0.0167583314787168,0.0172902484992882
"25",0.0166394541895175,0.0172632576583268
"26",0.0165304496119654,0.0172424842784931
"27",0.0164294474333235,0.0172260767453677
"28",0.0163350349987099,0.0172126711188973
"29",0.0162461395898573,0.0172012347679634
"30",0.0161618538273191,0.0171909858654072
"31",0.0160815639733938,0.0171812881122936
"32",0.01600460999551,0.0171716646714644
"33",0.0159305593673135,0.0171617192107362
"34",0.0158589729488971,0.0171511219693469
"35",0.0157895399032783,0.0171396004689204
"36",0.0157218951623417,0.017126937965294
"37",0.0156557913792117,0.0171129440332388
"38",0.0155909362348538,0.0170974452774246
"39",0.0155271590996053,0.0170803147476989
"40",0.0154642020449063,0.0170614239457366
"41",0.0154019089909102,0.0170406722403192
"42",0.0153400907900066,0.0170179775782994
"43",0.0152785887169276,0.016993253262012
"44",0.0152173075365127,0.0169664497499342
"45",0.0151560263560979,0.01693750975968
"46",0.0150946790401549,0.0169063775570362
"47",0.015033137285759,0.0168730361121041
"48",0.0149713098258813,0.0168374560096047
"49",0.0149090961345191,0.016799621767812
"50",0.0148463771677216,0.0167595302903807
"51",0.0147831317621197,0.0167171955108643
"52",0.0147192395510521,0.0166726220737804
"53",0.0146546608532021,0.0166258595206521
"54",0.014589333501173,0.016576927977723
"55",0.0145232164909373,0.0165258909200693
"56",0.0144562701411783,0.0164728164672852
"57",0.0143884679976846,0.0164177665462742
"58",0.0143197703791392,0.0163608232101837
"59",0.0142501838990951,0.0163020901865773
"60",0.0141796609399719,0.0162416650103284
"61",0.0141082782189823,0.0161796668907265
"62",0.0140359775368615,0.0161162336151321
"63",0.0139628170928743,0.0160514565257283
"64",0.013888811436837,0.0159854734098756
"65",0.0138139817321185,0.0159184220549348
"66",0.0137383597237723,0.0158504092848146
"67",0.0136620009656422,0.0157815837240838
"68",0.0135849610115718,0.0157120583893417
"69",0.0135072742520357,0.0156419432008421
"70",0.0134290054998517,0.0155713310489407
"71",0.0133501904682048,0.0155003334020639
"72",0.0132709124878607,0.0154290199279785
"73",0.0131912324035052,0.0153574742280044
"74",0.0131111779920602,0.0152857272655933
"75",0.0130308312615806,0.0152138734792734
"76",0.0129502504113312,0.0151419221580803
"77",0.0128694923178664,0.0150699089099834
"78",0.0127886138577402,0.0149978445721911
"79",0.0127076745529281,0.014925741530084
"80",0.0126267021803519,0.0148536276507687
"81",0.0125457959433038,0.0147814828080016
"82",0.0124649875868375,0.0147093271280264
"83",0.0123843339875072,0.0146371234547008
"84",0.0123038814401825,0.0145649042996493
"85",0.0122236987258128,0.0144926727592171
"86",0.0121438242030045,0.0144204025144701
"87",0.0120643253299962,0.0143481229806875
"88",0.0119852364972626,0.0142758527359405
"89",0.0119066264857532,0.0142035793948483
"90",0.0118285243951001,0.0141313463062435
"91",0.0117509923927,0.0140591797890601
"92",0.0116740979367916,0.0139871092585774
"93",0.0115978714497179,0.0139151455520035
"94",0.0115223777442964,0.0138433583371051
"95",0.0114476432747385,0.0137717863181969
"96",0.0113737421128356,0.0137004728441115
"97",0.0113006901311147,0.0136294597155088
"98",0.011228546851551,0.013558799570257
"99",0.0111573426964875,0.0134885481425694
"100",0.0110871246221492,0.0134187627148319
"101",0.0110179270190108,0.013349478895014
"102",0.0109497697277307,0.0132807648027098
"103",0.0108826884614942,0.0132126374678178
"104",0.0108166931406304,0.0131451681062773
"105",0.0107518260918775,0.0130783861333674
"106",0.0106880906220117,0.0130123457351288
"107",0.0106254920218755,0.0129470693600642
"108",0.0105640448412849,0.0128826003570061
"109",0.0105037590005692,0.0128189456927312
"110",0.0104446351610837,0.0127561502642446
"111",0.0103866825818023,0.0126942365200489
"112",0.0103298708403821,0.0126332029119715
"113",0.0102742158093499,0.0125730788552916
"114",0.0102197095524422,0.0125138620277504
"115",0.0101663229700266,0.0124555679110738
"116",0.0101140606915901,0.0123982019238658
"117",0.0100629108127377,0.012341765614299
"118",0.0100128475406134,0.0122862465969928
"119",0.009963854341335,0.0122316495164648
"120",0.0099159193105076,0.012177976694974
"121",0.00986903252780189,0.012125216521226
"122",0.00982315298919043,0.0120733604802714
"123",0.00977827540383094,0.012022386897694
"124",0.00973438522190724,0.0119723019661841
"125",0.00969145532785276,0.0119230894299297
"126",0.00964946786507489,0.0118747384517224
"127",0.00960840696104687,0.0118272358720953
"128",0.00956825145239969,0.0117805638870636
"129",0.00952896694865868,0.0117346969517795
"130",0.00949056932235062,0.0116896582888318
"131",0.00945300169692125,0.0116453975826115
"132",0.00941626539508116,0.0116019202517225
"133",0.00938033793075075,0.0115591899141089
"134",0.00934520144733741,0.0115172220514966
"135",0.00931084404044608,0.0114759802818298
"136",0.00927723925586547,0.0114354537679003
"137",0.00924437386648995,0.0113956378651904
"138",0.00921222141810826,0.0113565016102481
"139",0.00918079116969433,0.0113180504216776
"140",0.0091500414558654,0.0112802502396819
"141",0.00911995375867359,0.0112430925493116
"142",0.00909054328929039,0.0112065765764806
"143",0.00906176441420133,0.0111706806467725
"144",0.00903360655172192,0.0111353846339436
"145",0.0090060644110099,0.0111006823453036
"146",0.00897911021514342,0.0110665544286951
"147",0.00895274065734609,0.0110330016582043
"148",0.0089269339128936,0.010999981459085
"149",0.00890168799772011,0.0109675263429617
"150",0.00887696389186399,0.0109355867683113
"151",0.00885276622481221,0.0109041580906162
"152",0.00882908573759082,0.0108732449543941
"153",0.00880588341023819,0.010842810977589
"154",0.00878316387224131,0.0108128538379421
"155",0.00876091984869207,0.0107833712131946
"156",0.00873911628776053,0.0107543499438794
"157",0.00871775914164423,0.0107257683555801
"158",0.0086968179880002,0.0106976264482969
"159",0.00867630406986824,0.0106699087403037
"160",0.00865618564219481,0.0106426129093418
"161",0.00863645741413767,0.0106157072178729
"162",0.00861709227013026,0.0105892025031053
"163",0.00859809946914652,0.0105630778647088
"164",0.00857945586375158,0.0105373271099933
"165",0.00856114359735285,0.0105119572057352
"166",0.00854316928350314,0.0104869371884829
"167",0.00852551109747814,0.0104622546728555
"168",0.00850815581217222,0.0104379243664927
"169",0.00849108953912447,0.0104139191763742
"170",0.00847431823053241,0.0103902476174491
"171",0.0084578180776059,0.0103668864671286
"172",0.00844158312814742,0.0103438481107935
"173",0.00842560015505131,0.0103210969404741
"174",0.00840986188340948,0.0102986399229471
"175",0.00839436236102439,0.0102764817027303
"176",0.00837908637672456,0.010254594412717
"177",0.00836403260779943,0.0102329873419427
"178",0.00834919311798561,0.0102116496531994
"179",0.00833455468017747,0.0101905573498119
"180",0.00832012060115142,0.0101697537806127
"181",0.00830586244263034,0.0101491777927845
"182",0.00829178880223289,0.0101288727351597
"183",0.00827789637318266,0.0101088091924593
"184",0.00826416597617648,0.0100889709088709
"185",0.00825060488612245,0.010069371817948
"186",0.00823719193965155,0.0100499894711878
"187",0.00822394168657999,0.010030840898489
"188",0.00821082502727535,0.0100119276480241
"189",0.00819784791393518,0.00999320017827022
"190",0.0081850169601123,0.0099747119011817
"191",0.00817230372752958,0.00995643417556565
"192",0.00815973202497718,0.00993836003464538
"193",0.00814727539824381,0.00992047244852239
"194",0.00813493517004005,0.00990279928430334
"195",0.00812271596985287,0.00988532196391713
"196",0.0081106052319319,0.00986804668005411
"197",0.00809860097221131,0.00985095640281578
"198",0.00808670517475694,0.00983405732489251
"199",0.00807489998297619,0.00981736105757874
"200",0.00806320788294862,0.0098008436041993
"201",0.00805160969537108,0.00978449412754604
"202",0.00804010079075658,0.00976833507612154
"203",0.0080286897667238,0.00975234322733693
"204",0.00801736141210125,0.00973654257786738
"205",0.00800612895399456,0.00972091067921032
"206",0.0079949791652981,0.0097054707539546
"207",0.00798391204601187,0.00969019106456212
"208",0.00797292561207003,0.00967507161103286
"209",0.00796201920211729,0.0096601170378846
"210",0.00795118818666667,0.00964534514910215
"211",0.00794043719520516,0.00963071724037071
"212",0.00792976622773275,0.00961625498610658
"213",0.00791915279816986,0.00960196303082751
"214",0.00790862666750417,0.00958783905227463
"215",0.00789816667236667,0.00957385131290981
"216",0.00788778802392883,0.00956003464661635
"217",0.00787745963849241,0.0095463472527343
"218",0.00786721722924263,0.0095328324800962
"219",0.00785703235790237,0.00951946555794059
"220",0.00784692552648536,0.00950624880852637
"221",0.00783687623297788,0.00949316597604132
"222",0.00782687984789294,0.00948025344254134
"223",0.00781696679357351,0.00946747792231572
"224",0.00780710334090023,0.00945482857815631
"225",0.00779731197595266,0.00944233637351494
"226",0.00778757682620404,0.00942998273032052
"227",0.00777789987572023,0.00941777461534971
"228",0.00776828707669876,0.00940568648375474
"229",0.00775873115423152,0.00939373226908894
"230",0.00774923806051606,0.00938193829028637
"231",0.0077398031660654,0.00937024416861596
"232",0.00773042184139257,0.00935868318978842
"233",0.00772109342514229,0.00934727780230634
"234",0.00771182585357793,0.00933595988657567
"235",0.00770260788365971,0.0093247913695001
"236",0.00769344943571686,0.00931375135074962
"237",0.00768433331451204,0.00930281738182167
"238",0.00767529126509879,0.00929200184809697
"239",0.0076662836061602,0.00928131868312885
"240",0.00765732753293359,0.00927074853475992
"241",0.00764843561116932,0.00926027901760943
"242",0.00763958469343252,0.0092499294838348
"243",0.00763079065224995,0.00923969141848676
"244",0.00762202835612092,0.00922957875511863
"245",0.00761333351823063,0.00921955124124304
"246",0.00760466910268331,0.00920963829213923
"247",0.00759606420911136,0.00919983913372089
"248",0.00758749370601405,0.00919011970619103
"249",0.00757898735437909,0.00918051793977812
"250",0.00757050481153427,0.00917100828963441
"251",0.00756208046795426,0.00916160236705433
"252",0.00755369448298059,0.00915230172021048
"253",0.00754534884067911,0.00914307615973733
"254",0.00753705412273433,0.00913396129360447
"255",0.00752879379526421,0.00912492228792859
"256",0.00752057513317685,0.00911599088024783
"257",0.00751239615240639,0.00910714384797332
"258",0.00750425553024229,0.00909835487217098
"259",0.00749616252565847,0.00908967117210487
"260",0.0074881006047729,0.00908107029927241
"261",0.00748007042894086,0.00907257005765841
"262",0.00747209514559721,0.00906411548713585
"263",0.00746413771884617,0.00905575380696879
"264",0.00745622923238598,0.00904748114672574
"265",0.00744834323200538,0.00903927660607672
"266",0.00744051014004732,0.00903115257040247
"267",0.00743269953416885,0.00902309046163187
"268",0.00742492596418616,0.00901510730966345
"269",0.00741717950977003,0.00900719846997942
"270",0.00740946942989439,0.00899935078311276
"271",0.00740179572455926,0.0089915758603579
"272",0.00739415178021181,0.00898385512364375
"273",0.00738653759685204,0.00897620637695511
"274",0.00737895052905883,0.00896861336447976
"275",0.00737139586767443,0.00896110859784213
"276",0.0073638749354094,0.00895364950229595
"277",0.00735638178006621,0.00894625155956714
"278",0.00734891904706598,0.00893891864008718
"279",0.00734147218659251,0.00893163061761237
"280",0.0073340636847254,0.00892441226290418
"281",0.00732668031435899,0.00891725893144484
"282",0.00731932736633555,0.00891014740064547
"283",0.00731199161354943,0.00890308386319644
"284",0.00730468496039572,0.00889608457490995
"285",0.00729740872958497,0.00888912786136974
"286",0.00729015696891965,0.00888224158968244
"287",0.00728292835568919,0.00887539711865512
"288",0.00727573082615698,0.00886860296323702
"289",0.00726855115321737,0.00886185060847889
"290",0.00726139462771264,0.00885515321384777
"291",0.00725426323370861,0.00884849452353143
"292",0.00724715432578416,0.00884187453752988
"293",0.00724006658122874,0.00883531725251829
"294",0.0072330046295293,0.00882880486451186
"295",0.00722596516390945,0.00882232653630244
"296",0.00721894223217164,0.00881591323134187
"297",0.00721194641600039,0.00880951927853869
"298",0.00720496779506646,0.00880318570446658
"299",0.00719801496698853,0.00879687690115594
"300",0.00719108197956905,0.00879060293172861
"301",0.00718416552603162,0.00878438856694605
"302",0.00717727552670546,0.00877821290647829
"303",0.00717040536803776,0.00877207285398013
"304",0.00716355306596267,0.00876598002074601
"305",0.00715671994319074,0.00875992589182668
"306",0.00714991129056425,0.00875388492237438
"307",0.00714311520368812,0.00874789736487649
"308",0.00713634226424684,0.00874195393029746
"309",0.00712958916546402,0.0087360337183073
"310",0.007122847309721,0.00873016072558118
"311",0.00711613389225509,0.00872431250361653
"312",0.00710943502460538,0.00871851150091592
"313",0.00710275202948244,0.00871272520585494
"314",0.00709609152043907,0.00870698613005799
"315",0.00708945415883058,0.00870128498448954
"316",0.00708283399245941,0.00869561480237292
"317",0.00707622573048331,0.0086899817763985
"318",0.0070696326796787,0.00868436732849517
"319",0.00706307005121705,0.00867879158490664
"320",0.0070565146976635,0.00867325764197808
"321",0.00704998249154481,0.00866775543658764
"322",0.0070434694647293,0.0086622911614257
"323",0.00703697098772999,0.00865684391616227
"324",0.00703049169003385,0.00865145008285324
"325",0.00702402760350919,0.00864607405352902
"326",0.00701758269628771,0.00864072898765663
"327",0.00701116688869863,0.00863541720749496
"328",0.00700475703330708,0.00863014258347549
"329",0.00699837098670568,0.00862489350430377
"330",0.00699199486043351,0.00861967925901537
"331",0.00698564651108317,0.00861450139578287
"332",0.00697931469561488,0.00860933824018999
"333",0.00697299610725223,0.00860423391515558
"334",0.00696670397310085,0.00859914042732932
"335",0.00696042572741039,0.00859409261059451
"336",0.00695415740204916,0.00858907343505265
"337",0.00694792016038617,0.0085840689671504
"338",0.00694169614582882,0.00857912255572034
"339",0.00693549131057464,0.00857419549644767
"340",0.00692929904107082,0.00856929011159129
"341",0.00692313653255468,0.00856440949749637
"342",0.00691698592843361,0.0085595737804066
"343",0.00691086111716854,0.00855477521945904
"344",0.00690475019436438,0.00855000142927294
"345",0.00689865580544227,0.0085452524098483
"346",0.00689258787073143,0.00854055680237807
"347",0.00688653646990264,0.00853586506533932
"348",0.00688050292566646,0.00853121590304684
"349",0.0068744832698912,0.0085265969301199
"350",0.00686849998865643,0.00852200272795442
"351",0.00686252464368505,0.00851746580817483
"352",0.00685657905970136,0.00851293430699931
"353",0.00685063479842822,0.00850846782907263
"354",0.00684472558898503,0.00850399902888707
"355",0.00683883357477916,0.00849956041806704
"356",0.00683296867613984,0.00849517367102883
"357",0.00682711237511919,0.00849082098378764
"358",0.00682128980321792,0.00848648764870383
"359",0.00681548045842228,0.00848218682524446
"360",0.00680969889054847,0.00847792780244505
"361",0.00680393054978031,0.00847368193911268
"362",0.00679819196999982,0.00846948639138952
"363",0.00679247786036477,0.00846531484034154
"364",0.00678677168699309,0.00846118354178094
"365",0.00678109196783269,0.00845707933624069
"366",0.0067754413483047,0.00845301228684264
"367",0.00676980660130346,0.00844897697498272
"368",0.00676419764715822,0.00844494785581316
"369",0.00675860787231615,0.00844097911537468
"370",0.00675304124490894,0.00843705062742357
"371",0.00674750107171301,0.00843313607302579
"372",0.00674198140053081,0.00842925867477021
"373",0.00673649016762573,0.00842541611039793
"374",0.0067310081936946,0.00842158670549269
"375",0.00672556325565925,0.00841782619426777
"376",0.00672013220608482,0.00841406800530173
"377",0.00671473157885336,0.0084103647764627
"378",0.00670934616279337,0.00840667625526329
"379",0.00670398984636579,0.00840304037193199
"380",0.00669865667737307,0.00839941222946365
"381",0.00669334533310466,0.00839583285443194
"382",0.00668806176575808,0.00839227670198911
"383",0.00668279936178051,0.00838875847977477
"384",0.00667755878252725,0.00838525264294116
"385",0.00667234994832752,0.00838180873301122
"386",0.00666715367987814,0.00837838649749756
"387",0.00666198849512701,0.0083749812918824
"388",0.00665685042594243,0.00837163646499832
"389",0.00665172690657405,0.00836829241220053
"390",0.00664662984141695,0.00836499016006272
"391",0.0066415598918264,0.00836171190460007
"392",0.00663651705780241,0.00835849093152331
"393",0.00663149869392384,0.00835526841027396
"394",0.00662650480019071,0.00835208304516681
"395",0.00662152677898433,0.00834894722158259
"396",0.00661657587334452,0.00834582997606946
"397",0.00661165935817935,0.00834274059766299
"398",0.00660675408605398,0.0083396906976576
"399",0.00660187592949517,0.00833665473120553
"400",0.00659702554985819,0.00833365979132714
"401",0.00659220030172192,0.0083306919444691
"402",0.00658740349186277,0.00832773957933698
"403",0.00658261726368813,0.00832484604476334
"404",0.0065778634419223,0.00832196025105266
"405",0.00657313210623605,0.00831911083939788
"406",0.0065684225952741,0.0083162784576416
"407",0.00656373821581286,0.00831348245794123
"408",0.00655908227462874,0.00831070503631196
"409",0.00655443625377385,0.00830797328577413
"410",0.00654982925288059,0.00830523843889113
"411",0.00654523349502712,0.00830256010030771
"412",0.00654067741849055,0.00829989569527762
"413",0.00653613060092794,0.00829726999456232
"414",0.00653161089893188,0.00829463655298406
"415",0.00652711765114709,0.00829208052003538
"416",0.00652264358266547,0.0082895066831019
"417",0.00651818869348703,0.00828697464682839
"418",0.00651376158123043,0.00828446351088487
"419",0.00650935761640869,0.00828197559753022
"420",0.00650497150817956,0.00827951168085073
"421",0.00650060656331945,0.00827706634224235
"422",0.00649627071809173,0.00827464422622284
"423",0.00649196000436473,0.0082722654590359
"424",0.00648766582451978,0.00826989752905709
"425",0.00648339016262271,0.00826755901435753
"426",0.00647913963222636,0.00826523830364277
"427",0.00647490431300149,0.00826293230056763
"428",0.00647069081850092,0.00826064797190877
"429",0.00646650774634331,0.00825840002530581
"430",0.00646233459451493,0.0082561613677384
"431",0.00645819054231895,0.00825395057727764
"432",0.00645406633078143,0.00825174365724836
"433",0.00644995137821785,0.00824955299303129
"434",0.00644586420257611,0.00824740103312901
"435",0.00644179951301395,0.00824528235893745
"436",0.00643775664817609,0.00824316445883218
"437",0.00643372899450971,0.00824106049228024
"438",0.00642972250421236,0.00823898671509384
"439",0.00642573585457345,0.00823691603425261
"440",0.00642177036830357,0.00823489566902062
"441",0.00641782009320517,0.00823287375561603
"442",0.00641388899740994,0.00823085184221144
"443",0.00640998501718127,0.00822886398860386
"444",0.00640609095728182,0.00822689935758516
"445",0.00640221938346196,0.00822495098237867
"446",0.00639836566623471,0.00822301499255292
"447",0.00639453443508704,0.00822109138810789
"448",0.00639071378562388,0.00821919178033804
"449",0.0063869156222403,0.00821729681708596
"450",0.00638313465409404,0.00821542817276794
"451",0.00637936625169815,0.00821355178758696
"452",0.00637562496486881,0.00821172726618779
"453",0.00637189293701341,0.00820989577801197
"454",0.0063681833952376,0.00820809215694279
"455",0.00636448245108045,0.00820627769866547
"456",0.00636080200893704,0.00820449730018517
"457",0.00635714140745208,0.00820270838675561
"458",0.00635348808087522,0.00820096669259009
"459",0.00634985790173323,0.00819921648347533
"460",0.00634624557918385,0.0081974949155535
"461",0.00634264979051651,0.00819575709181947
"462",0.0063390639221784,0.00819405719831392
"463",0.0063354959104329,0.00819235498254949
"464",0.00633194310985888,0.00819067598937394
"465",0.00632841014994332,0.00818902099287355
"466",0.00632489107848867,0.00818737373723612
"467",0.00632138920227135,0.00818573035203017
"468",0.00631789526231742,0.00818409238542829
"469",0.00631442513115363,0.00818246990055233
"470",0.00631096624302963,0.0081808598010571
"471",0.00630751529116902,0.00817928376135888
"472",0.00630408351861157,0.00817767675820883
"473",0.00630066629587033,0.00817610613711469
"474",0.00629726759107698,0.00817455254591905
"475",0.00629387153170476,0.00817298347299749
"476",0.00629049597434627,0.00817142988180185
"477",0.0062871309986723,0.00816989951319509
"478",0.00628379446127544,0.00816838694857312
"479",0.00628046387607612,0.00816687748029635
"480",0.00627713262952151,0.00816537575288252
"481",0.00627382386904649,0.00816387015503722
"482",0.00627052899703239,0.00816239397247116
"483",0.00626724933618977,0.00816091004904214
"484",0.00626397628889997,0.0081594485741157
"485",0.00626072109820277,0.00815797393972223
"486",0.00625747648919009,0.00815652330200393
"487",0.00625425105948058,0.00815509511278821
"488",0.00625102496841579,0.00815367621260804
"489",0.00624781805665417,0.00815224647521973
"490",0.00624462106522178,0.00815083221955733
"491",0.00624144259173728,0.00814942647884418
"492",0.00623826874773975,0.00814803234942548
"493",0.00623510945355843,0.00814662196419456
"494",0.00623196735461443,0.00814524409058806
"495",0.00622883451464437,0.00814387937644859
"496",0.00622571159500355,0.0081425185327406
"497",0.00622259793433667,0.00814116930032705
"498",0.00621949683942014,0.00813981310113684
"499",0.00621641360109623,0.00813846464280958
"500",0.00621333631496985,0.0081371208290001
"501",0.00621026961052798,0.00813580178595208
"502",0.00620721216506006,0.00813448816150814
"503",0.00620416860805305,0.00813317221480531
"504",0.00620114224628337,0.00813187097574209
"505",0.00619811919129011,0.00813058057388702
"506",0.00619510605662606,0.00812928552751417
"507",0.00619210284229125,0.00812798893296873
"508",0.00618911417777264,0.00812672252778883
"509",0.00618613675629382,0.00812545689669522
"510",0.00618316793243366,0.00812418971742902
"511",0.00618020902890273,0.00812293492354356
"512",0.00617726599789856,0.00812169096686623
"513",0.0061743262736708,0.00812043230254929
"514",0.00617139713112756,0.00811921156846084
"515",0.00616848253840051,0.00811797690081906
"516",0.00616557522058156,0.00811673836274581
"517",0.006162675839026,0.00811553311038327
"518",0.00615979695948417,0.00811432166533037
"519",0.0061569160958765,0.00811311718705413
"520",0.00615404250717692,0.00811191193469159
"521",0.00615119008184637,0.00811071442319201
"522",0.00614833699516053,0.00810954555288538
"523",0.00614549382880392,0.0081083480413858
"524",0.00614266653497408,0.00810715981892177
"525",0.00613984320927592,0.00810600797851364
"526",0.00613703244932812,0.00810485226767404
"527",0.00613423690055181,0.00810368649371259
"528",0.00613144201313077,0.00810253155695928
"529",0.00612866167552594,0.00810137662020597
"530",0.00612588067656582,0.00810025419507708
"531",0.00612312414775113,0.00809909616197859
"532",0.0061203616667389,0.00809797141459081
"533",0.00611762167180626,0.0080968714379645
"534",0.0061148823382289,0.00809574746466302
"535",0.00611214763413851,0.00809463510265598
"536",0.00610942417308792,0.00809352196656264
"537",0.00610672121405105,0.00809240883046931
"538",0.00610401560959307,0.00809131969105114
"539",0.0061013166186879,0.00809022590711519
"540",0.00609862754811196,0.00808914915307776
"541",0.00609594442973355,0.00808806620634995
"542",0.00609327784523719,0.00808700415995214
"543",0.00609061721293837,0.00808591889096545
"544",0.00608796121012652,0.00808485916682652
"545",0.006085322402552,0.00808380253903277
"546",0.00608268425633276,0.00808274668532533
"547",0.00608005735315331,0.0080817039910849
"548",0.00607743772488196,0.00808065974867189
"549",0.00607482603287399,0.00807959847636037
"550",0.00607221632493187,0.0080785642970692
"551",0.00606962711900349,0.00807754714767654
"552",0.00606703659036454,0.00807653851323314
"553",0.00606445862747594,0.00807551517115011
"554",0.00606188463271904,0.00807448099185894
"555",0.00605931857422552,0.00807348783914145
"556",0.00605677037232461,0.00807248307512952
"557",0.00605422084771314,0.00807148218154907
"558",0.00605168190478617,0.00807048361022751
"559",0.00604914428456977,0.00806949819837298
"560",0.00604661989145901,0.0080685205273814
"561",0.00604410872545388,0.00806754363047612
"562",0.00604159491402762,0.00806657757077898
"563",0.00603909036157531,0.0080655828698889
"564",0.00603659440674167,0.00806461913245065
"565",0.00603411167901366,0.00806366545813424
"566",0.00603162895128565,0.00806270172069599
"567",0.00602916077337384,0.00806176894670957
"568",0.00602669325681731,0.00806081991691094
"569",0.00602423235381361,0.00805986624259453
"570",0.00602178004842856,0.00805891876096849
"571",0.00601933700201746,0.00805798289063689
"572",0.00601690056915918,0.00805705708342713
"573",0.00601446942714315,0.00805612508352701
"574",0.00601204886681164,0.00805522327299242
"575",0.00600963756545407,0.0080543083029908
"576",0.00600722560274122,0.00805337398083179
"577",0.00600482025358118,0.00805245746265758
"578",0.00600242482475037,0.0080515726820215
"579",0.00600003997760408,0.00805065771201988
"580",0.00599765975994475,0.00804974893470863
"581",0.00599528351041712,0.00804886570224514
"582",0.00599291651986343,0.00804796853622833
"583",0.005990554820152,0.00804708375559225
"584",0.00598820171805923,0.00804621523076838
"585",0.00598585258409815,0.00804533199830489
"586",0.00598351469317686,0.00804446347348102
"587",0.00598118407716368,0.00804359417457085
"588",0.00597885875199274,0.00804274500190438
"589",0.0059765373949535,0.00804187028439014
"590",0.00597422331282236,0.00804102033763737
"591",0.0059719171669546,0.0080401703908846
"592",0.00596961366650797,0.00803932895908108
"593",0.00596732207045641,0.00803848675319127
"594",0.00596502981304957,0.00803765228816441
"595",0.00596275078274837,0.00803681859722385
"596",0.00596047704328942,0.00803597561724774
"597",0.00595820528789631,0.00803516514889606
"598",0.00595594609825357,0.00803432758752402
"599",0.00595369418351892,0.00803351944143122
"600",0.00595144491420539,0.00803270819899324
"601",0.00594920490386582,0.00803189231203748
"602",0.00594697084572378,0.00803107719916802
"603",0.00594473811029231,0.00803027369759299
"604",0.00594251595654534,0.00802948567774389
"605",0.00594029843228535,0.00802868372434145
"606",0.00593808421480176,0.00802790731578678
"607",0.00593588057900269,0.00802712084411027
"608",0.0059336809113353,0.00802634056512412
"609",0.00593148984128658,0.00802554403032575
"610",0.0059293047234354,0.00802477613672034
"611",0.00592712158965006,0.00802400514676973
"612",0.00592494969890452,0.00802323725316432
"613",0.00592277185596143,0.00802246781138631
"614",0.00592061253096624,0.00802170843273014
"615",0.005918462464945,0.0080209451836425
"616",0.00591630512401565,0.00802020051262595
"617",0.00591415968748138,0.00801944345622868
"618",0.00591202284856577,0.00801870110747102
"619",0.00590989130049241,0.00801794327698745
"620",0.00590775909106378,0.00801721408769682
"621",0.0059056354792538,0.0080164647721625
"622",0.00590352707861531,0.00801574487190742
"623",0.00590141801662154,0.00801500561949495
"624",0.00589930895462777,0.00801430352322467
"625",0.00589720584483153,0.00801356117446701
"626",0.00589511397807509,0.00801284204829823
"627",0.00589302674080562,0.00801214304837314
"628",0.00589094677844425,0.00801143785575768
"629",0.00588886483201703,0.00801072105184778
"630",0.00588680074218242,0.00801000734428307
"631",0.00588472937743971,0.00800931066661686
"632",0.00588267256251321,0.00800862560024509
"633",0.00588061376352085,0.00800791808537074
"634",0.00587856290079188,0.00800722605222231
"635",0.00587652195839214,0.00800654408219573
"636",0.00587448498412409,0.00800586675668692
"637",0.00587244867121132,0.00800518246440144
"638",0.0058704176491408,0.00800450281663375
"639",0.00586839985417592,0.00800385103597269
"640",0.00586638668869802,0.008003171388205
"641",0.00586436889373314,0.0080025087703358
"642",0.00586236564858446,0.00800183995977625
"643",0.00586036438750163,0.00800116263426743
"644",0.0058583664331952,0.00800052246490082
"645",0.00585636980159934,0.00799987300649866
"646",0.00585438573575384,0.00799922741852798
"647",0.00585240497668474,0.00799857796012581
"648",0.00585043149252374,0.00799794011301808
"649",0.00584846263784972,0.00799730071773777
"650",0.00584649642859682,0.00799665590385338
"651",0.00584453815560731,0.00799602424943602
"652",0.0058425871575259,0.00799539491727755
"653",0.00584063483673392,0.00799476635920537
"654",0.00583869838846871,0.00799413238252912
"655",0.0058367579720718,0.00799352782113212
"656",0.00583482416922772,0.00799289616671475
"657",0.00583289102773891,0.00799227302724665
"658",0.00583096979064518,0.00799167775488519
"659",0.0058290538443937,0.00799107396757448
"660",0.00582713723678695,0.00799045392445156
"661",0.00582522790408829,0.00798986020026269
"662",0.0058233232008766,0.00798924867208902
"663",0.00582142180444133,0.00798866965553977
"664",0.00581952966698,0.00798808212404127
"665",0.00581764083629508,0.00798747988490315
"666",0.00581575332832072,0.00798690009426761
"667",0.00581387706338615,0.00798631720728688
"668",0.00581200476658328,0.00798573432030616
"669",0.0058101324697804,0.00798515530375691
"670",0.00580827075466204,0.00798459022076099
"671",0.00580641102360952,0.00798400733378026
"672",0.0058045473244253,0.00798343605809398
"673",0.00580270082047842,0.00798287329735694
"674",0.00580085431653154,0.00798230744027472
"675",0.00579901574884804,0.00798175861309101
"676",0.00579717321303284,0.00798120359321693
"677",0.00579534390432329,0.0079806408324799
"678",0.00579351062748204,0.00798008194217434
"679",0.00579168991639115,0.00797954395219877
"680",0.00578986920530026,0.0079789873841521
"681",0.00578805113963049,0.00797844165331357
"682",0.00578624431700052,0.00797790675968319
"683",0.00578444013979167,0.00797737651057057
"684",0.00578263993071452,0.00797683774650871
"685",0.00578084964196659,0.00797631136782758
"686",0.00577904943288943,0.00797576950742053
"687",0.00577726112820735,0.0079752601586379
"688",0.00577548605063091,0.00797471365371308
"689",0.00577370568221221,0.00797420120858527
"690",0.00577193126599104,0.00797366786312747
"691",0.00577016214061213,0.00797316315886262
"692",0.00576839499929907,0.00797263600609519
"693",0.00576663711695995,0.00797214600946996
"694",0.00576488254139724,0.00797162891982438
"695",0.00576312730447925,0.00797113195642248
"696",0.00576137868111408,0.0079706512488328
"697",0.00575963534859116,0.0079701364814461
"698",0.00575789532284465,0.00796963796987162
"699",0.00575615529709815,0.00796914255464232
"700",0.00575442651439143,0.00796864017263635
"701",0.00575270500659281,0.00796815017601112
"702",0.0057509762238861,0.00796766250164478
"703",0.00574925868421917,0.00796719108309065
"704",0.0057475464353945,0.00796669489377505
"705",0.00574583418656983,0.00796623044199758
"706",0.00574412987400854,0.00796575824935715
"707",0.00574242556144725,0.00796528528263043
"708",0.00574073050785991,0.00796481850859407
"709",0.00573903545427256,0.00796432928605513
"710",0.00573734503017219,0.0079638764455721
"711",0.00573565923555879,0.00796340657519056
"712",0.00573398137720878,0.00796293438255013
"713",0.00573230087343764,0.00796248463841228
"714",0.00573062764457459,0.00796204418330998
"715",0.00572895838384324,0.00796157353884214
"716",0.0057272924298883,0.0079611214724454
"717",0.00572563441219674,0.00796068566186088
"718",0.00572397771721574,0.0079602212100834
"719",0.00572232565172172,0.00795975753239223
"720",0.0057206768930041,0.00795935423343213
"721",0.00571903276377346,0.00795891300424353
"722",0.00571738598912169,0.00795845474515642
"723",0.00571574847344387,0.00795803286812522
"724",0.00571411426454245,0.00795760866883513
"725",0.00571248203970688,0.0079571744064232
"726",0.00571085708977941,0.00795673782175237
"727",0.00570923610798364,0.00795632213741154
"728",0.00570761777160898,0.00795589561586256
"729",0.00570600538743187,0.00795547451291766
"730",0.0057043949873206,0.00795504876545497
"731",0.00570278194178821,0.00795464701466746
"732",0.00570118212336145,0.00795422745989515
"733",0.00569957899815828,0.0079538133237269
"734",0.00569798843870547,0.0079533906726094
"735",0.00569639391112096,0.00795297885870005
"736",0.00569481194928681,0.00795257633382624
"737",0.00569322932609738,0.00795218232390168
"738",0.00569164339613154,0.00795178366945935
"739",0.00569006672513964,0.0079513888854485
"740",0.00568848674737134,0.00795098713466099
"741",0.00568692330348508,0.00795058460978719
"742",0.00568535589146713,0.00795020453341596
"743",0.00568379244758087,0.00794979891219696
"744",0.00568223098776046,0.00794940335409982
"745",0.00568067614149287,0.0079490395335408
"746",0.00567912526335696,0.00794866255351475
"747",0.00567757769199747,0.00794825848046835
"748",0.00567603475012495,0.0079478822745286
"749",0.00567449180825243,0.00794749910181219
"750",0.00567295812535385,0.00794712289587244
"751",0.00567142444245528,0.00794673120820677
"752",0.00566989737310952,0.00794638364345996
"753",0.00566837162647432,0.007945991181708
"754",0.0056668505093261,0.00794561265350936
"755",0.00566533203759901,0.00794525502564071
"756",0.00566381488858248,0.00794488888282281
"757",0.0056623069985399,0.00794452506226379
"758",0.00566079249494449,0.00794414808223774
"759",0.00565929518658642,0.00794379974340464
"760",0.00565779258738609,0.00794343050424155
"761",0.00565629197225161,0.00794308603583992
"762",0.00565480193880163,0.00794272840797127
"763",0.00565330992128581,0.0079423746505341
"764",0.00565182782409922,0.00794204179342691
"765",0.00565033845200453,0.00794167797286789
"766",0.00564885900023906,0.00794133195629368
"767",0.00564738285525001,0.00794099522875501
"768",0.00564590803297151,0.00794064147131784
"769",0.00564443982424584,0.00794030396969287
"770",0.00564296897009904,0.00793997498301717
"771",0.0056415067135709,0.00793962896644295
"772",0.00564004115026635,0.00793930075385354
"773",0.00563858815271216,0.00793897331535042
"774",0.00563713184838156,0.00793863581372546
"775",0.00563568017353793,0.00793829908618679
"776",0.00563423378953656,0.00793797396994256
"777",0.00563278938960103,0.00793765117595722
"778",0.00563135160321832,0.00793733457466225
"779",0.00562991513954618,0.00793700016938247
"780",0.00562847999858459,0.00793667660131083
"781",0.00562704750304414,0.00793634993689401
"782",0.0056256143461484,0.00793602482064978
"783",0.00562419309364774,0.00793570512300962
"784",0.00562277250250236,0.00793539858483649
"785",0.00562135587948867,0.00793508895031817
"786",0.00561993396563272,0.00793476538224654
"787",0.00561852527888241,0.00793446348859118
"788",0.00561711857619795,0.00793415230590028
"789",0.00561570724402651,0.00793384576772715
"790",0.00561429987998677,0.00793354542224438
"791",0.00561290177492097,0.00793324430267532
"792",0.00561150366985517,0.00793294086084737
"793",0.00561010490343409,0.00793262503363869
"794",0.0056087101051447,0.00793233629945037
"795",0.0056073265498951,0.00793202356858687
"796",0.00560593704244796,0.00793174102708891
"797",0.00560455480990893,0.007931429844398
"798",0.00560317786821215,0.00793113027300153
"799",0.00560179431296255,0.00793084927967616
"800",0.00560042266210802,0.00793055667505636
"801",0.00559905034989821,0.00793028032624876
"802",0.0055976780376884,0.0079299792066797
"803",0.00559631498445254,0.00792969821335433
"804",0.00559495457663781,0.00792939941604416
"805",0.00559359284611251,0.00792913390444471
"806",0.00559224103591644,0.00792883588122083
"807",0.00559088393487811,0.00792855488789546
"808",0.00558953543145845,0.0079282723463975
"809",0.00558818758939407,0.00792800064210768
"810",0.00558684239275082,0.0079277211969549
"811",0.00558550777779207,0.00792743323685287
"812",0.00558416258114882,0.00792717624020267
"813",0.00558282928890064,0.00792690143956767
"814",0.00558149599665246,0.00792662122032859
"815",0.00558016534982541,0.00792634874195247
"816",0.00557883867113005,0.00792608323035302
"817",0.00557751794463222,0.00792581849283986
"818",0.00557619655677912,0.00792556459253485
"819",0.00557487583028129,0.00792528282512318
"820",0.00557356171733629,0.00792501731352373
"821",0.00557224562032544,0.00792475102783798
"822",0.00557093812093325,0.00792449403118778
"823",0.00556963194425162,0.00792422851958832
"824",0.00556832378350415,0.00792397771562849
"825",0.00556702355902006,0.00792372923392754
"826",0.0055657259799571,0.00792345133694736
"827",0.00556442840089414,0.00792321601471344
"828",0.00556313148318647,0.00792293579547436
"829",0.00556184184038689,0.00792267802473787
"830",0.00556055682707428,0.00792244192841765
"831",0.00555926784562998,0.0079221756427319
"832",0.00555798349367266,0.00792193567598021
"833",0.00555670443255759,0.00792169183879704
"834",0.00555542867821893,0.00792143406806054
"835",0.00555415623065668,0.00792117010463368
"836",0.00555288576716028,0.00792092394519162
"837",0.00555161728772972,0.00792066462628253
"838",0.00555035211507557,0.00792043317448009
"839",0.00554908297428972,0.0079201746296573
"840",0.00554782342315547,0.00791993930742338
"841",0.00554656321066593,0.00791968618120466
"842",0.00554530994240685,0.00791946788886925
"843",0.00554405138330552,0.00791921708490941
"844",0.00554280142182285,0.00791896705503588
"845",0.00554154947627434,0.00791874334409639
"846",0.00554030447495628,0.00791847860658324
"847",0.00553906013499351,0.00791825954016153
"848",0.00553781678706366,0.0079180257661002
"849",0.00553657872997607,0.00791777418805407
"850",0.00553534133424375,0.00791755357345977
"851",0.00553410658393257,0.00791729889906846
"852",0.00553287712446364,0.00791708060673305
"853",0.00553164435821829,0.00791684141406765
"854",0.00553041721349285,0.0079166122845241
"855",0.00552919370622145,0.00791637696229018
"856",0.00552797350572647,0.00791616021812736
"857",0.00552675165184328,0.00791591018825382
"858",0.00552553211270357,0.00791569654043619
"859",0.00552432117118253,0.00791545115508042
"860",0.00552310659220744,0.00791523828134908
"861",0.00552189796542989,0.00791501147406442
"862",0.00552068966932998,0.00791480169667826
"863",0.00551948434932883,0.00791455244089102
"864",0.00551827704526184,0.00791432950403783
"865",0.00551708296830049,0.00791410501901206
"866",0.00551588426185216,0.00791388208215887
"867",0.00551469018489081,0.00791364830809754
"868",0.00551349511589653,0.00791344240114286
"869",0.00551230401503395,0.00791322875332523
"870",0.00551111192213844,0.00791299110883242
"871",0.00550992908821688,0.0079127743646696
"872",0.0055087469156506,0.00791256381319715
"873",0.00550756176698555,0.00791234242451655
"874",0.00550638025577455,0.00791212180992226
"875",0.00550520039795176,0.00791189732489648
"876",0.00550402880706999,0.00791168445116514
"877",0.00550285357873417,0.00791148551098712
"878",0.00550167934243127,0.00791124477014913
"879",0.00550051072764827,0.00791103808910816
"880",0.00549934575031931,0.00791081979677275
"881",0.00549818077299036,0.00791061079347288
"882",0.00549701910243782,0.0079104056606045
"883",0.00549586106933932,0.00791017343471577
"884",0.00549470369759611,0.00790996210915702
"885",0.00549354996330695,0.00790975929854752
"886",0.00549239424495194,0.00790954410255729
"887",0.00549124646286032,0.00790934206603409
"888",0.00549009934212398,0.00790911061423165
"889",0.00548895122935471,0.00790890470727698
"890",0.00548780642336185,0.00790870421892637
"891",0.00548666657753361,0.00790847199303763
"892",0.00548552673170537,0.00790828156780887
"893",0.00548438853926533,0.00790806869407753
"894",0.00548325166953586,0.00790785659443248
"895",0.00548212174403684,0.0079076522356504
"896",0.00548098718905085,0.00790744478052313
"897",0.00547985494880835,0.00790723887356845
"898",0.00547873295957272,0.00790704844833968
"899",0.00547760567949483,0.00790682396331391
"900",0.0054764853436474,0.00790661650818664
"901",0.00547536434644469,0.00790641447166344
"902",0.00547424367991962,0.00790621553148542
"903",0.0054731266508486,0.00790599801323631
"904",0.00547200962177758,0.0079057967507994
"905",0.00547089722219353,0.00790558310298177
"906",0.00546978349989892,0.00790539035549412
"907",0.00546867440709129,0.00790517593359018
"908",0.00546757027444826,0.00790497389706698
"909",0.00546646647248288,0.00790477650506156
"910",0.00546536663864919,0.00790456595358911
"911",0.00546426217532852,0.00790437243201516
"912",0.00546316101878427,0.00790416729914678
"913",0.00546206548375991,0.00790396294036469
"914",0.00546097557025544,0.00790375703341001
"915",0.0054598793738758,0.00790356196366347
"916",0.00545878879901606,0.00790334367132806
"917",0.0054577005388998,0.00790315479427189
"918",0.00545661227878354,0.00790296282087054
"919",0.00545552864815425,0.00790275149531179
"920",0.00545444468684732,0.00790254481427081
"921",0.00545336700841557,0.00790235129269687
"922",0.00545228602320741,0.00790215854520922
"923",0.00545120966748623,0.00790194721965047
"924",0.0054501329810874,0.00790177150206132
"925",0.00544905662536621,0.00790154856520814
"926",0.00544798754455312,0.00790135039911642
"927",0.00544691185018722,0.00790116152206025
"928",0.00544584806021639,0.00790095251876038
"929",0.00544478096346915,0.00790075822310014
"930",0.00544372114163001,0.00790055231614546
"931",0.00544265404488276,0.00790034873144967
"932",0.00544159554575419,0.0079001598543935
"933",0.00544053241713864,0.00789996091421548
"934",0.00543947854749703,0.00789975810360599
"935",0.00543842368582251,0.00789956303385945
"936",0.00543737014685854,0.00789934396743774
"937",0.00543632355212504,0.00789916360533083
"938",0.00543527133587164,0.0078989662133254
"939",0.00543422573317106,0.00789875024324888
"940",0.00543317252488474,0.00789855439941604
"941",0.00543212890625,0.00789834849246137
"942",0.00543108760235875,0.00789814335959298
"943",0.00543004894388863,0.00789796222339977
"944",0.00542901491490548,0.00789775089784102
"945",0.00542797261898131,0.00789754266862745
"946",0.00542693792864288,0.00789734450253573
"947",0.00542590819846906,0.00789716181816993
"948",0.00542487549219647,0.00789695126669747
"949",0.00542384675405558,0.00789675851920982
"950",0.00542281702388176,0.00789654796773737
"951",0.00542179060048435,0.00789637457240712
"952",0.00542076186234346,0.00789614776512245
"953",0.00541973841504482,0.00789595346946221
"954",0.00541872025858843,0.00789575530337049
"955",0.00541769681128979,0.00789556023362395
"956",0.00541668063889925,0.00789536361570482
"957",0.00541566215176523,0.00789514454928311
"958",0.00541464961682874,0.00789496960578027
"959",0.00541362881495123,0.00789475905430781
"960",0.0054126232242452,0.00789457482176942
"961",0.00541161201201927,0.00789435420717512
"962",0.00541060311453683,0.00789416068560117
"963",0.00540959091027798,0.00789394781186983
"964",0.00540858796499308,0.00789374422717404
"965",0.00540758237428705,0.00789355457603157
"966",0.00540658207442327,0.00789334944316319
"967",0.00540558276659242,0.00789313811760444
"968",0.00540458081334044,0.00789295311097975
"969",0.005403584812286,0.00789273636681693
"970",0.00540259344071852,0.00789255213427853
"971",0.00540159380221003,0.00789232300473498
"972",0.00540060176928728,0.00789213257950622
"973",0.00539961072839745,0.00789193983201857
"974",0.00539862233292875,0.00789173469915018
"975",0.00539763526017061,0.00789153188854069
"976",0.0053966468647019,0.00789133294836267
"977",0.00539565780787792,0.00789111930054504
"978",0.00539467569528439,0.00789091726402184
"979",0.00539369490540143,0.00789071213115345
"980",0.00539271609958432,0.00789050699828507
"981",0.00539173233360259,0.00789029025412225
"982",0.00539076047201593,0.00789008125082239
"983",0.00538977604467892,0.00788986760300475
"984",0.00538880252970406,0.00788967408143081
"985",0.00538782636930807,0.00788945037049132
"986",0.00538686310534008,0.00788925530074479
"987",0.00538588826765465,0.00788902694528753
"988",0.0053849236809761,0.00788883884231766
"989",0.00538395380345528,0.00788863835396705
"990",0.00538299120084257,0.00788841619120016
"991",0.00538202429942053,0.00788821415467696
"992",0.00538106136613018,0.00788799973277303
"993",0.00538009942487275,0.00788779227764575
"994",0.00537914475852342,0.00788756469627479
"995",0.00537818678539768,0.00788735724114752
"996",0.00537723079633779,0.00788714823784766
"997",0.00537627348456733,0.00788694465315187
"998",0.00537532146363913,0.00788673487576571
"999",0.00537437274948734,0.00788651967977549
"1000",0.00537341180026283,0.00788630525787155
